file,length,train_length,test_length,anomaly_points,anomaly_ratio_full,anomaly_points_test,anomaly_ratio_test,n_segments
001_NAB_id_1_Facility_tr_1007_1st_2014.csv,4031,1007,3024,343,0.08509054825105433,343,0.11342592592592593,3
002_NAB_id_2_WebService_tr_1500_1st_4106.csv,6000,1500,4500,637,0.10616666666666667,637,0.14155555555555555,1
005_NAB_id_5_Traffic_tr_594_1st_1645.csv,2379,594,1785,238,0.10004203446826397,238,0.13333333333333333,1
006_NAB_id_6_Traffic_tr_2579_1st_5839.csv,10319,2579,7740,1030,0.09981587363116581,1030,0.1330749354005168,5
008_NAB_id_8_Synthetic_tr_1007_1st_2734.csv,4031,1007,3024,402,0.09972711485983626,402,0.13293650793650794,1
009_NAB_id_9_Traffic_tr_500_1st_438.csv,2161,500,1661,216,0.0999537251272559,154,0.09271523178807947,1
010_NAB_id_10_WebService_tr_500_1st_271.csv,1000,500,500,148,0.148,48,0.096,3
011_NAB_id_11_Facility_tr_1007_1st_1526.csv,4031,1007,3024,474,0.11758868767055321,474,0.15674603174603174,1
013_NAB_id_13_Traffic_tr_623_1st_2084.csv,2494,623,1871,248,0.09943865276663993,248,0.13254943880277925,2
014_NAB_id_14_WebService_tr_500_1st_1045.csv,1537,500,1037,152,0.0988939492517892,152,0.14657666345226616,1
015_NAB_id_15_Synthetic_tr_1007_1st_2787.csv,4031,1007,3024,513,0.12726370627635822,513,0.16964285714285715,1
016_NAB_id_16_Environment_tr_1816_1st_3540.csv,7266,1816,5450,724,0.09964216900633086,724,0.1328440366972477,2
017_NAB_id_17_Synthetic_tr_1007_1st_1805.csv,4031,1007,3024,402,0.09972711485983626,402,0.13293650793650794,1
018_NAB_id_18_Facility_tr_500_1st_669.csv,1881,500,1381,188,0.09994683678894205,188,0.13613323678493844,2
019_NAB_id_19_Facility_tr_1007_1st_1171.csv,4031,1007,3024,400,0.09923096005953858,400,0.13227513227513227,2
020_NAB_id_20_Synthetic_tr_1007_1st_2679.csv,4031,1007,3024,621,0.15405606549243364,621,0.20535714285714285,1
022_NAB_id_22_Facility_tr_1007_1st_2980.csv,4031,1007,3024,520,0.12900024807740015,520,0.17195767195767195,2
023_NAB_id_23_Facility_tr_4512_1st_16551.csv,18049,4512,13537,1498,0.0829962878829852,1498,0.11065967348747877,1
024_NAB_id_24_Synthetic_tr_1007_1st_2787.csv,4031,1007,3024,513,0.12726370627635822,513,0.16964285714285715,1
025_NAB_id_25_WebService_tr_3958_1st_4614.csv,15832,3958,11874,1580,0.0997978777160182,1580,0.13306383695469093,2
026_NAB_id_26_Traffic_tr_624_1st_2261.csv,2499,624,1875,238,0.09523809523809523,238,0.12693333333333334,1
027_NAB_id_27_Facility_tr_757_1st_2582.csv,3031,757,2274,200,0.06598482349059716,200,0.08795074758135445,1
028_NAB_id_28_Facility_tr_1007_1st_3447.csv,4031,1007,3024,430,0.10667328206400396,430,0.1421957671957672,1
029_WSD_id_1_WebService_tr_4559_1st_10201.csv,18236,4559,13677,26,0.0014257512612415003,26,0.0019010016816553338,1
030_WSD_id_2_WebService_tr_4499_1st_4599.csv,18084,4499,13585,88,0.004866180048661801,88,0.006477732793522267,7
031_WSD_id_3_WebService_tr_826_1st_926.csv,18236,826,17410,39,0.0021386268918622505,39,0.0022400919012062035,1
032_WSD_id_4_WebService_tr_4559_1st_11822.csv,10686,4559,6127,32,0.0029945723376380313,20,0.003264240248082259,2
034_WSD_id_6_WebService_tr_4559_1st_8461.csv,18236,4559,13677,188,0.010309278350515464,188,0.013745704467353952,4
035_WSD_id_7_WebService_tr_4555_1st_11911.csv,18220,4555,13665,32,0.001756311745334797,32,0.0023417489937797293,3
036_WSD_id_8_WebService_tr_4504_1st_6898.csv,18016,4504,13512,6,0.0003330373001776199,6,0.0004440497335701599,2
037_WSD_id_9_WebService_tr_4583_1st_6214.csv,18334,4583,13751,46,0.002508999672739173,46,0.0033452112573631007,3
039_WSD_id_11_WebService_tr_1746_1st_1846.csv,18219,1746,16473,132,0.0072451835995389425,132,0.00801311236568931,7
040_WSD_id_12_WebService_tr_4559_1st_9714.csv,18236,4559,13677,41,0.0022483000658039044,41,0.0029977334210718725,4
041_WSD_id_13_WebService_tr_4296_1st_5196.csv,17186,4296,12890,156,0.009077155824508321,156,0.012102404965089216,7
042_WSD_id_14_WebService_tr_3015_1st_3115.csv,18308,3015,15293,121,0.006609132619619838,121,0.007912116654678612,12
043_WSD_id_15_WebService_tr_4521_1st_6828.csv,18085,4521,13564,6,0.00033176665745092616,6,0.0004423473901503981,2
044_WSD_id_16_WebService_tr_4559_1st_6975.csv,18236,4559,13677,32,0.001754770783066462,32,0.0023396943774219494,1
046_WSD_id_18_WebService_tr_2357_1st_2457.csv,18220,2357,15863,130,0.007135016465422613,130,0.008195171152997541,11
047_WSD_id_19_WebService_tr_4559_1st_16362.csv,18236,4559,13677,14,0.0007677122175915771,14,0.0010236162901221028,1
048_WSD_id_20_WebService_tr_4559_1st_11813.csv,18236,4559,13677,53,0.0029063391094538275,53,0.0038751188126051033,2
049_WSD_id_21_WebService_tr_4297_1st_7097.csv,17189,4297,12892,31,0.0018034789691081506,31,0.002404591995035681,3
050_WSD_id_22_WebService_tr_4559_1st_12816.csv,18236,4559,13677,23,0.0012612415003290195,23,0.001681655333772026,1
051_WSD_id_23_WebService_tr_3919_1st_5154.csv,15676,3919,11757,60,0.003827507017096198,60,0.0051033426894615975,4
052_WSD_id_24_WebService_tr_4559_1st_9102.csv,18236,4559,13677,34,0.001864443957008116,34,0.002485925276010821,2
054_WSD_id_26_WebService_tr_2409_1st_2509.csv,18391,2409,15982,66,0.003588711869936382,66,0.004129645851583031,5
055_WSD_id_27_WebService_tr_3768_1st_3868.csv,18191,3768,14423,103,0.005662140618987411,103,0.007141371420647577,8
056_WSD_id_28_WebService_tr_4559_1st_9689.csv,18236,4559,13677,38,0.0020837903048914236,38,0.002778387073188565,1
057_WSD_id_29_WebService_tr_2229_1st_2329.csv,18236,2229,16007,29,0.001590261022153981,29,0.0018117073780221154,1
058_WSD_id_30_WebService_tr_1136_1st_1236.csv,18236,1136,17100,8,0.0004386926957666155,8,0.00046783625730994154,1
059_WSD_id_31_WebService_tr_4559_1st_9058.csv,18236,4559,13677,25,0.0013709146742706734,25,0.0018278862323608978,1
060_WSD_id_32_WebService_tr_4576_1st_4766.csv,18305,4576,13729,102,0.005572248019666758,102,0.00742952873479496,8
061_WSD_id_33_WebService_tr_4559_1st_9722.csv,18236,4559,13677,30,0.001645097609124808,30,0.0021934634788330775,3
062_WSD_id_34_WebService_tr_3371_1st_3471.csv,18236,3371,14865,160,0.00877385391533231,160,0.010763538513286243,16
063_WSD_id_35_WebService_tr_2290_1st_2390.csv,18236,2290,15946,67,0.003674051327045405,67,0.004201680672268907,3
064_WSD_id_36_WebService_tr_4559_1st_10195.csv,18236,4559,13677,25,0.0013709146742706734,25,0.0018278862323608978,1
065_WSD_id_37_WebService_tr_3451_1st_3551.csv,18236,3451,14785,199,0.01091248080719456,199,0.01345958741968211,2
066_WSD_id_38_WebService_tr_3320_1st_3420.csv,18302,3320,14982,112,0.006119549775980767,112,0.007475637431584568,8
067_WSD_id_39_WebService_tr_4559_1st_13973.csv,18236,4559,13677,48,0.002632156174599693,48,0.003509541566132924,1
068_WSD_id_40_WebService_tr_4549_1st_13322.csv,18197,4549,13648,29,0.001593669286146068,29,0.0021248534583821806,2
069_WSD_id_41_WebService_tr_4548_1st_13988.csv,18192,4548,13644,13,0.0007145998240985048,13,0.0009527997654646731,1
071_WSD_id_43_WebService_tr_3387_1st_3487.csv,18236,3387,14849,2095,0.11488264970388243,2095,0.1410869418816082,7
072_WSD_id_44_WebService_tr_1691_1st_1791.csv,12500,1691,10809,187,0.01496,187,0.017300397816634287,4
073_WSD_id_45_WebService_tr_3392_1st_3492.csv,15000,3392,11608,268,0.017866666666666666,268,0.02308752584424535,2
074_WSD_id_46_WebService_tr_990_1st_1090.csv,18236,990,17246,290,0.015902610221539812,290,0.016815493447756,21
075_WSD_id_47_WebService_tr_3296_1st_3468.csv,13186,3296,9890,35,0.002654330350371606,35,0.003538928210313448,4
076_WSD_id_48_WebService_tr_3821_1st_7083.csv,15285,3821,11464,9,0.0005888125613346418,9,0.00078506629448709,2
077_WSD_id_49_WebService_tr_3310_1st_3716.csv,13243,3310,9933,59,0.0044551838707241566,59,0.005939796637471056,6
078_WSD_id_50_WebService_tr_2449_1st_2549.csv,18381,2449,15932,73,0.003971492301833415,73,0.004581973386894301,6
079_WSD_id_51_WebService_tr_4559_1st_10672.csv,18236,4559,13677,27,0.0014805878482123272,27,0.0019741171309497698,2
080_WSD_id_52_WebService_tr_1538_1st_1638.csv,18307,1538,16769,96,0.005243895777571421,96,0.005724849424533365,15
081_WSD_id_53_WebService_tr_4559_1st_8448.csv,18236,4559,13677,204,0.011186663742048695,204,0.014915551656064927,3
082_WSD_id_54_WebService_tr_4437_1st_4805.csv,17748,4437,13311,141,0.007944557133198107,141,0.010592742844264142,5
083_WSD_id_55_WebService_tr_4599_1st_4863.csv,18397,4599,13798,616,0.03348372017176714,616,0.04464415132627917,2
084_WSD_id_56_WebService_tr_4559_1st_9616.csv,18236,4559,13677,63,0.0034547049791620967,63,0.004606273305549463,1
085_WSD_id_57_WebService_tr_780_1st_880.csv,15403,780,14623,203,0.013179250795299618,203,0.013882240306366683,24
086_WSD_id_58_WebService_tr_4436_1st_9529.csv,17746,4436,13310,23,0.0012960667192606784,23,0.0017280240420736287,4
087_WSD_id_59_WebService_tr_4559_1st_12600.csv,18236,4559,13677,11,0.0006032024566790963,11,0.000804269942238795,1
088_WSD_id_60_WebService_tr_4548_1st_5596.csv,18193,4548,13645,59,0.0032430055515857746,59,0.004323928178820081,4
089_WSD_id_61_WebService_tr_1010_1st_1110.csv,17429,1010,16419,241,0.013827528831258248,241,0.014678116815884037,22
090_WSD_id_62_WebService_tr_2281_1st_2381.csv,13236,2281,10955,150,0.011332728921124207,150,0.013692377909630305,11
091_WSD_id_63_WebService_tr_500_1st_363.csv,18230,500,17730,158,0.008667032364234778,148,0.008347433728144388,10
092_WSD_id_64_WebService_tr_500_1st_118.csv,18242,500,17742,43,0.002357197675693455,40,0.0022545372562281594,5
093_WSD_id_65_WebService_tr_1125_1st_1225.csv,18179,1125,17054,177,0.009736509158919632,177,0.010378796763222705,11
094_WSD_id_66_WebService_tr_3309_1st_3914.csv,13237,3309,9928,35,0.0026441036488630354,35,0.003525382755842063,3
095_WSD_id_67_WebService_tr_2182_1st_2282.csv,18236,2182,16054,14,0.0007677122175915771,14,0.0008720568082720817,1
096_WSD_id_68_WebService_tr_1341_1st_1441.csv,10744,1341,9403,33,0.003071481757259866,33,0.0035095182388599384,3
097_WSD_id_69_WebService_tr_4520_1st_6465.csv,18083,4520,13563,44,0.002433224575568213,44,0.0032441200324412004,4
098_WSD_id_70_WebService_tr_3575_1st_3675.csv,18236,3575,14661,9,0.0004935292827374424,9,0.0006138735420503376,3
099_WSD_id_71_WebService_tr_4559_1st_14411.csv,18236,4559,13677,41,0.0022483000658039044,41,0.0029977334210718725,2
100_WSD_id_72_WebService_tr_4559_1st_10254.csv,18236,4559,13677,50,0.0027418293485413467,50,0.0036557724647217956,4
101_WSD_id_73_WebService_tr_1513_1st_1613.csv,18236,1513,16723,71,0.0038933976749287126,71,0.004245649704000478,1
102_WSD_id_74_WebService_tr_3306_1st_3639.csv,13227,3306,9921,29,0.0021924850684206547,29,0.0029230924301985686,3
103_WSD_id_75_WebService_tr_1375_1st_1475.csv,18179,1375,16804,107,0.005885912316409043,107,0.006367531540109498,4
104_WSD_id_76_WebService_tr_3047_1st_3147.csv,18084,3047,15037,128,0.007078080070780801,128,0.008512336237281372,12
105_WSD_id_77_WebService_tr_2348_1st_2448.csv,18380,2348,16032,96,0.005223068552774755,96,0.005988023952095809,9
106_WSD_id_78_WebService_tr_3363_1st_3463.csv,18236,3363,14873,221,0.012118885720552752,221,0.014859140724803335,3
107_WSD_id_79_WebService_tr_1095_1st_1195.csv,18236,1095,17141,326,0.01787672735248958,326,0.01901872702876145,6
108_WSD_id_80_WebService_tr_2368_1st_2468.csv,18220,2368,15852,193,0.010592755214050493,193,0.01217511985869291,15
109_WSD_id_81_WebService_tr_3175_1st_3275.csv,18058,3175,14883,65,0.003599512681360062,65,0.004367399045891286,8
110_WSD_id_82_WebService_tr_500_1st_375.csv,18236,500,17736,182,0.009980258828690502,57,0.0032138024357239513,3
111_WSD_id_83_WebService_tr_3934_1st_7531.csv,15736,3934,11802,3,0.00019064565327910524,3,0.0002541942043721403,1
112_WSD_id_84_WebService_tr_2442_1st_2542.csv,18380,2442,15938,63,0.003427638737758433,63,0.003952817166520266,6
113_WSD_id_85_WebService_tr_500_1st_335.csv,18242,500,17742,113,0.006194496217520009,95,0.005354525983541878,8
114_WSD_id_86_WebService_tr_500_1st_403.csv,18243,500,17743,83,0.004549690292166859,71,0.004001578087132954,8
115_WSD_id_87_WebService_tr_2252_1st_2352.csv,18214,2252,15962,181,0.009937410782914241,181,0.011339431148978825,14
116_WSD_id_88_WebService_tr_3934_1st_13861.csv,15736,3934,11802,5,0.00031774275546517537,5,0.00042365700728690055,1
117_WSD_id_89_WebService_tr_3251_1st_3351.csv,16376,3251,13125,3,0.00018319491939423546,3,0.00022857142857142857,1
118_WSD_id_90_WebService_tr_4559_1st_6317.csv,18236,4559,13677,3,0.0001645097609124808,3,0.00021934634788330776,1
119_WSD_id_91_WebService_tr_4559_1st_12353.csv,18236,4559,13677,34,0.001864443957008116,34,0.002485925276010821,1
120_WSD_id_92_WebService_tr_2329_1st_2429.csv,17438,2329,15109,95,0.005447872462438353,95,0.006287643126613277,9
121_WSD_id_93_WebService_tr_4559_1st_11749.csv,18236,4559,13677,43,0.0023579732397455582,43,0.0031439643196607444,3
122_WSD_id_94_WebService_tr_4559_1st_8618.csv,18236,4559,13677,56,0.0030708488703663083,56,0.004094465160488411,2
123_WSD_id_95_WebService_tr_4559_1st_4901.csv,18236,4559,13677,36,0.0019741171309497698,36,0.002632156174599693,6
124_WSD_id_96_WebService_tr_4559_1st_14350.csv,18236,4559,13677,10,0.0005483658697082694,10,0.0007311544929443592,1
125_WSD_id_97_WebService_tr_2217_1st_2317.csv,18250,2217,16033,162,0.008876712328767123,162,0.010104160169650097,10
126_WSD_id_98_WebService_tr_657_1st_757.csv,18883,657,18226,252,0.013345337075676535,252,0.013826401843520245,29
127_WSD_id_99_WebService_tr_1164_1st_1264.csv,18190,1164,17026,117,0.006432105552501374,117,0.006871843063549865,11
128_WSD_id_100_WebService_tr_4068_1st_4168.csv,18236,4068,14168,200,0.010967317394165387,200,0.014116318464144552,4
129_WSD_id_101_WebService_tr_4448_1st_9592.csv,17794,4448,13346,20,0.0011239743733842868,20,0.0014985763524651581,3
130_WSD_id_102_WebService_tr_2362_1st_2462.csv,18236,2362,15874,195,0.010693134459311252,195,0.012284238377220612,9
131_WSD_id_103_WebService_tr_4573_1st_7021.csv,18294,4573,13721,13,0.0007106155023504974,13,0.0009474528095619853,1
132_WSD_id_104_WebService_tr_4037_1st_4137.csv,18236,4037,14199,46,0.002522483000658039,46,0.0032396647651243044,2
133_WSD_id_105_WebService_tr_3934_1st_5937.csv,15736,3934,11802,15,0.0009532282663955262,15,0.0012709710218607015,1
134_WSD_id_106_WebService_tr_4559_1st_7990.csv,18236,4559,13677,106,0.005812678218907655,106,0.007750237625210207,3
135_WSD_id_107_WebService_tr_3779_1st_3879.csv,15506,3779,11727,50,0.0032245582355217334,50,0.004263665046473949,4
136_WSD_id_108_WebService_tr_3414_1st_3514.csv,18236,3414,14822,183,0.010035095415661329,183,0.012346511941708271,8
137_WSD_id_109_WebService_tr_4559_1st_14404.csv,18236,4559,13677,59,0.003235358631278789,59,0.004313811508371719,2
138_WSD_id_110_WebService_tr_4584_1st_6039.csv,18336,4584,13752,13,0.0007089877835951134,13,0.0009453170447934846,1
139_WSD_id_111_WebService_tr_1701_1st_1801.csv,18381,1701,16680,87,0.004733148359719276,87,0.005215827338129497,8
140_MSL_id_1_Sensor_tr_530_1st_630.csv,2430,530,1900,121,0.04979423868312757,121,0.06368421052631579,1
141_MSL_id_2_Sensor_tr_500_1st_550.csv,2264,500,1764,312,0.13780918727915195,312,0.17687074829931973,2
143_MSL_id_4_Sensor_tr_980_1st_3550.csv,3922,980,2942,151,0.038500764915859256,151,0.0513256288239293,1
144_MSL_id_5_Sensor_tr_1525_1st_4590.csv,6100,1525,4575,131,0.021475409836065575,131,0.028633879781420766,1
145_MSL_id_6_Sensor_tr_530_1st_630.csv,2430,530,1900,121,0.04979423868312757,121,0.06368421052631579,1
147_MSL_id_8_Sensor_tr_590_1st_690.csv,2430,590,1840,252,0.1037037037037037,252,0.13695652173913042,2
148_MSL_id_9_Sensor_tr_883_1st_1238.csv,3535,883,2652,228,0.0644978783592645,228,0.08597285067873303,2
149_Stock_id_1_Finance_tr_500_1st_7.csv,20000,500,19500,981,0.04905,953,0.04887179487179487,931
150_Stock_id_2_Finance_tr_500_1st_7.csv,10000,500,9500,1409,0.1409,1352,0.1423157894736842,1220
151_Stock_id_3_Finance_tr_500_1st_62.csv,10000,500,9500,487,0.0487,468,0.04926315789473684,463
153_Stock_id_5_Finance_tr_500_1st_1.csv,10000,500,9500,483,0.0483,450,0.04736842105263158,456
154_Stock_id_6_Finance_tr_500_1st_38.csv,20000,500,19500,975,0.04875,955,0.04897435897435897,911
155_Stock_id_7_Finance_tr_500_1st_18.csv,20000,500,19500,973,0.04865,951,0.048769230769230766,924
156_Stock_id_8_Finance_tr_500_1st_24.csv,10000,500,9500,485,0.0485,458,0.048210526315789475,457
157_Stock_id_9_Finance_tr_500_1st_19.csv,10000,500,9500,1392,0.1392,1328,0.13978947368421052,1200
158_Stock_id_10_Finance_tr_500_1st_2.csv,20000,500,19500,977,0.04885,944,0.04841025641025641,920
159_Stock_id_11_Finance_tr_500_1st_5.csv,20000,500,19500,2792,0.1396,2732,0.1401025641025641,2399
160_Stock_id_12_Finance_tr_500_1st_14.csv,20000,500,19500,981,0.04905,959,0.049179487179487176,934
162_Stock_id_14_Finance_tr_500_1st_4.csv,10000,500,9500,1380,0.138,1313,0.13821052631578948,1199
163_Stock_id_15_Finance_tr_500_1st_3.csv,10000,500,9500,1397,0.1397,1331,0.14010526315789473,1179
164_Stock_id_16_Finance_tr_500_1st_8.csv,20000,500,19500,2775,0.13875,2712,0.13907692307692307,2371
165_Stock_id_17_Finance_tr_500_1st_7.csv,20000,500,19500,2798,0.1399,2728,0.1398974358974359,2380
166_Stock_id_18_Finance_tr_500_1st_18.csv,20000,500,19500,2797,0.13985,2734,0.1402051282051282,2401
167_Stock_id_19_Finance_tr_500_1st_7.csv,10000,500,9500,488,0.0488,469,0.04936842105263158,468
168_Stock_id_20_Finance_tr_500_1st_1.csv,10000,500,9500,1395,0.1395,1314,0.1383157894736842,1208
169_Daphnet_id_1_HumanActivity_tr_9693_1st_20732.csv,38774,9693,29081,2306,0.05947284262650229,2306,0.07929576011829029,6
170_MITDB_id_1_Medical_tr_17675_1st_17775.csv,500000,17675,482325,22845,0.04569,22845,0.047364329031254856,49
171_MITDB_id_2_Medical_tr_50000_1st_88864.csv,650000,50000,600000,19657,0.030241538461538462,19657,0.03276166666666667,42
172_MITDB_id_3_Medical_tr_27274_1st_27374.csv,650000,27274,622726,18109,0.02786,18109,0.029080205419397938,27
173_MITDB_id_4_Medical_tr_13620_1st_13720.csv,650000,13620,636380,66682,0.10258769230769231,66682,0.10478330557214242,199
175_MITDB_id_6_Medical_tr_27274_1st_27374.csv,650000,27274,622726,18109,0.02786,18109,0.029080205419397938,27
176_MITDB_id_7_Medical_tr_6232_1st_6332.csv,650000,6232,643768,38272,0.05888,38272,0.05944998819450485,144
177_MITDB_id_8_Medical_tr_17675_1st_17775.csv,650000,17675,632325,27124,0.04172923076923077,27124,0.04289566283161349,60
178_SMD_id_1_Facility_tr_6000_1st_10609.csv,24000,6000,18000,427,0.017791666666666667,427,0.02372222222222222,4
179_SMD_id_2_Facility_tr_5925_1st_17580.csv,23703,5925,17778,161,0.006792389149052862,161,0.009056136798290022,1
180_SMD_id_3_Facility_tr_5925_1st_17580.csv,23703,5925,17778,161,0.006792389149052862,161,0.009056136798290022,1
181_SMD_id_4_Facility_tr_5000_1st_15144.csv,20000,5000,15000,908,0.0454,908,0.060533333333333335,3
183_SMD_id_6_Facility_tr_5925_1st_17580.csv,23703,5925,17778,161,0.006792389149052862,161,0.009056136798290022,1
184_SMD_id_7_Facility_tr_7119_1st_15849.csv,28479,7119,21360,2694,0.09459601811861372,2694,0.12612359550561797,8
185_SMD_id_8_Facility_tr_5000_1st_15144.csv,20000,5000,15000,908,0.0454,908,0.060533333333333335,3
187_SMD_id_10_Facility_tr_5000_1st_15849.csv,20000,5000,15000,2190,0.1095,2190,0.146,4
188_SMD_id_11_Facility_tr_500_1st_392.csv,23703,500,23203,817,0.034468210775007384,793,0.03417661509287592,12
189_SMD_id_12_Facility_tr_5925_1st_17580.csv,23703,5925,17778,161,0.006792389149052862,161,0.009056136798290022,1
190_SMD_id_13_Facility_tr_7119_1st_15849.csv,28479,7119,21360,2694,0.09459601811861372,2694,0.12612359550561797,8
191_SMD_id_14_Facility_tr_4596_1st_4696.csv,22700,4596,18104,146,0.006431718061674009,146,0.008064516129032258,2
192_SMD_id_15_Facility_tr_5925_1st_17580.csv,23703,5925,17778,161,0.006792389149052862,161,0.009056136798290022,1
194_SMD_id_17_Facility_tr_5925_1st_17580.csv,23703,5925,17778,161,0.006792389149052862,161,0.009056136798290022,1
195_SMD_id_18_Facility_tr_5925_1st_17580.csv,23703,5925,17778,161,0.006792389149052862,161,0.009056136798290022,1
196_SMD_id_19_Facility_tr_7174_1st_21230.csv,28696,7174,21522,192,0.006690827989963758,192,0.008921103986618344,2
197_SMD_id_20_Facility_tr_5000_1st_15144.csv,20000,5000,15000,908,0.0454,908,0.060533333333333335,3
198_SMD_id_21_Facility_tr_5925_1st_17580.csv,23703,5925,17778,161,0.006792389149052862,161,0.009056136798290022,1
199_SMD_id_22_Facility_tr_5925_1st_17580.csv,23703,5925,17778,161,0.006792389149052862,161,0.009056136798290022,1
201_SMD_id_24_Facility_tr_7174_1st_21230.csv,28696,7174,21522,198,0.006899916364650125,198,0.009199888486200167,3
202_SMD_id_25_Facility_tr_6250_1st_21230.csv,25000,6250,18750,66,0.00264,66,0.00352,1
203_SMD_id_26_Facility_tr_7174_1st_21230.csv,28696,7174,21522,198,0.006899916364650125,198,0.009199888486200167,3
204_SMD_id_27_Facility_tr_5000_1st_15144.csv,20000,5000,15000,908,0.0454,908,0.060533333333333335,3
205_SMD_id_28_Facility_tr_5925_1st_17580.csv,23703,5925,17778,161,0.006792389149052862,161,0.009056136798290022,1
206_SMD_id_29_Facility_tr_6250_1st_21230.csv,25000,6250,18750,66,0.00264,66,0.00352,1
207_SMD_id_30_Facility_tr_7174_1st_21230.csv,28696,7174,21522,198,0.006899916364650125,198,0.009199888486200167,3
208_SMD_id_31_Facility_tr_5000_1st_15144.csv,20000,5000,15000,908,0.0454,908,0.060533333333333335,3
209_SMD_id_32_Facility_tr_5925_1st_17580.csv,23703,5925,17778,161,0.006792389149052862,161,0.009056136798290022,1
211_SMD_id_34_Facility_tr_5925_1st_17580.csv,23703,5925,17778,161,0.006792389149052862,161,0.009056136798290022,1
212_SMD_id_35_Facility_tr_5925_1st_17580.csv,23703,5925,17778,161,0.006792389149052862,161,0.009056136798290022,1
213_SMD_id_36_Facility_tr_5925_1st_17580.csv,23703,5925,17778,161,0.006792389149052862,161,0.009056136798290022,1
214_SMD_id_37_Facility_tr_5925_1st_17580.csv,23703,5925,17778,161,0.006792389149052862,161,0.009056136798290022,1
215_SMD_id_38_Facility_tr_5925_1st_17580.csv,23703,5925,17778,161,0.006792389149052862,161,0.009056136798290022,1
216_LTDB_id_1_Medical_tr_500_1st_266.csv,100000,500,99500,14857,0.14857,14750,0.14824120603015076,137
218_LTDB_id_3_Medical_tr_500_1st_266.csv,100000,500,99500,14857,0.14857,14750,0.14824120603015076,137
219_LTDB_id_4_Medical_tr_3618_1st_3718.csv,100000,3618,96382,14781,0.14781,14781,0.1533585109252765,116
220_LTDB_id_5_Medical_tr_500_1st_26.csv,100000,500,99500,31565,0.31565,31373,0.3153065326633166,166
221_LTDB_id_6_Medical_tr_500_1st_26.csv,100000,500,99500,31565,0.31565,31373,0.3153065326633166,166
222_LTDB_id_7_Medical_tr_3618_1st_3718.csv,100000,3618,96382,14781,0.14781,14781,0.1533585109252765,116
223_LTDB_id_8_Medical_tr_4456_1st_4556.csv,100000,4456,95544,16159,0.16159,16159,0.1691262664322197,100
224_LTDB_id_9_Medical_tr_4456_1st_4556.csv,100000,4456,95544,16159,0.16159,16159,0.1691262664322197,100
225_MGAB_id_1_Synthetic_tr_25000_1st_38478.csv,100000,25000,75000,200,0.002,200,0.0026666666666666666,10
226_MGAB_id_2_Synthetic_tr_20000_1st_45134.csv,80000,20000,60000,140,0.00175,140,0.0023333333333333335,7
227_MGAB_id_3_Synthetic_tr_25000_1st_44340.csv,100000,25000,75000,200,0.002,200,0.0026666666666666666,10
228_MGAB_id_4_Synthetic_tr_25000_1st_38948.csv,100000,25000,75000,200,0.002,200,0.0026666666666666666,10
229_MGAB_id_5_Synthetic_tr_25000_1st_33098.csv,100000,25000,75000,200,0.002,200,0.0026666666666666666,10
231_MGAB_id_7_Synthetic_tr_25000_1st_35544.csv,100000,25000,75000,200,0.002,200,0.0026666666666666666,10
232_MGAB_id_8_Synthetic_tr_25000_1st_32708.csv,100000,25000,75000,200,0.002,200,0.0026666666666666666,10
233_MGAB_id_9_Synthetic_tr_25000_1st_41300.csv,100000,25000,75000,200,0.002,200,0.0026666666666666666,10
234_SED_id_1_Medical_tr_3740_1st_3840.csv,19999,3740,16259,960,0.048002400120006,960,0.05904422166184882,15
236_SED_id_3_Medical_tr_3740_1st_3840.csv,39999,3740,36259,1472,0.036800920023000575,1472,0.04059681734190132,23
237_SVDB_id_1_Medical_tr_11587_1st_11687.csv,130400,11587,118813,9852,0.0755521472392638,9852,0.08292021916793617,12
238_SVDB_id_2_Medical_tr_25000_1st_71963.csv,100000,25000,75000,676,0.00676,676,0.009013333333333333,1
239_SVDB_id_3_Medical_tr_50000_1st_106634.csv,230400,50000,180400,3503,0.015203993055555556,3503,0.019417960088691795,13
240_SVDB_id_4_Medical_tr_18462_1st_18562.csv,130400,18462,111938,6004,0.046042944785276076,6004,0.05363683467633869,34
241_SVDB_id_5_Medical_tr_11587_1st_11687.csv,130400,11587,118813,9852,0.0755521472392638,9852,0.08292021916793617,12
243_SVDB_id_7_Medical_tr_11393_1st_11493.csv,180400,11393,169007,5547,0.030748337028824832,5547,0.03282112575218778,32
244_SVDB_id_8_Medical_tr_17803_1st_17903.csv,130400,17803,112597,3941,0.030222392638036808,3941,0.035000932529285864,25
245_SVDB_id_9_Medical_tr_12607_1st_12707.csv,180400,12607,167793,14891,0.08254434589800444,14891,0.08874625282341933,150
246_SVDB_id_10_Medical_tr_20100_1st_68460.csv,80400,20100,60300,535,0.006654228855721393,535,0.008872305140961857,5
247_SVDB_id_11_Medical_tr_20100_1st_23611.csv,80400,20100,60300,945,0.011753731343283582,945,0.015671641791044775,8
248_SVDB_id_12_Medical_tr_18462_1st_18562.csv,130400,18462,111938,6004,0.046042944785276076,6004,0.05363683467633869,34
249_SVDB_id_13_Medical_tr_50000_1st_54982.csv,230400,50000,180400,8578,0.037230902777777776,8578,0.047549889135254986,57
250_SVDB_id_14_Medical_tr_50000_1st_107354.csv,230400,50000,180400,6469,0.028077256944444445,6469,0.03585920177383592,6
251_SVDB_id_15_Medical_tr_5421_1st_5521.csv,230400,5421,224979,12809,0.05559461805555556,12809,0.05693420274781202,83
253_SVDB_id_17_Medical_tr_17803_1st_17903.csv,130400,17803,112597,3941,0.030222392638036808,3941,0.035000932529285864,25
254_SVDB_id_18_Medical_tr_30824_1st_30924.csv,230400,30824,199576,7847,0.034058159722222224,7847,0.03931835491241432,42
255_SVDB_id_19_Medical_tr_50000_1st_54982.csv,230400,50000,180400,8578,0.037230902777777776,8578,0.047549889135254986,57
256_SVDB_id_20_Medical_tr_6264_1st_6364.csv,230400,6264,224136,7464,0.03239583333333333,7464,0.03330120997965521,45
257_TAO_id_1_Environment_tr_500_1st_3.csv,10000,500,9500,954,0.0954,906,0.09536842105263157,849
258_TAO_id_2_Environment_tr_500_1st_4.csv,10000,500,9500,1380,0.138,1313,0.13821052631578948,1199
260_IOPS_id_1_WebService_tr_5000_1st_11804.csv,20000,5000,15000,14,0.0007,14,0.0009333333333333333,1
261_IOPS_id_2_WebService_tr_2178_1st_2278.csv,8784,2178,6606,6,0.0006830601092896175,6,0.0009082652134423251,2
262_IOPS_id_3_WebService_tr_7028_1st_7128.csv,125135,7028,118107,2704,0.02160866264434411,2704,0.022894493975801605,46
263_IOPS_id_4_WebService_tr_3482_1st_3582.csv,149123,3482,145641,790,0.005297640203053855,790,0.005424296729629706,56
264_IOPS_id_5_WebService_tr_11665_1st_11765.csv,60000,11665,48335,901,0.015016666666666666,901,0.018640736526326678,3
266_IOPS_id_7_WebService_tr_4010_1st_4110.csv,89155,4010,85145,1456,0.016331108743200044,1456,0.01710024076575254,53
267_IOPS_id_8_WebService_tr_1534_1st_1882.csv,6138,1534,4604,53,0.008634734441186055,53,0.011511728931364032,5
268_IOPS_id_9_WebService_tr_6216_1st_6316.csv,29133,6216,22917,1397,0.04795249373562627,1397,0.06095911332198804,15
269_IOPS_id_10_WebService_tr_1216_1st_1728.csv,4866,1216,3650,49,0.010069872585285656,49,0.013424657534246575,2
271_IOPS_id_12_WebService_tr_500_1st_341.csv,8784,500,8284,116,0.013205828779599272,113,0.013640753259295027,10
272_IOPS_id_13_WebService_tr_3442_1st_3542.csv,149156,3442,145714,633,0.004243878891898415,633,0.004344126164953265,56
273_IOPS_id_14_WebService_tr_5569_1st_5669.csv,149122,5569,143553,761,0.005103204087928005,761,0.005301177962146385,53
274_IOPS_id_15_WebService_tr_4591_1st_4691.csv,149132,4591,144541,6777,0.045442963280851865,6777,0.046886350585646976,86
275_IOPS_id_16_WebService_tr_1482_1st_1582.csv,8784,1482,7302,71,0.00808287795992714,71,0.009723363462065187,6
276_IOPS_id_17_WebService_tr_19197_1st_19297.csv,91370,19197,72173,2576,0.028193061179818322,2576,0.035692017790586505,20
277_NEK_id_1_WebService_tr_500_1st_17.csv,1073,500,573,88,0.08201304753028892,0,0.0,2
278_NEK_id_2_WebService_tr_500_1st_64.csv,1073,500,573,65,0.06057781919850885,38,0.06631762652705062,6
279_NEK_id_3_WebService_tr_500_1st_974.csv,1073,500,573,91,0.08480894687791239,91,0.15881326352530542,1
281_NEK_id_5_WebService_tr_500_1st_974.csv,1073,500,573,88,0.08201304753028892,88,0.15357766143106458,1
282_NEK_id_6_WebService_tr_500_1st_64.csv,1073,500,573,63,0.05871388630009319,39,0.06806282722513089,7
283_NEK_id_7_WebService_tr_500_1st_777.csv,1073,500,573,120,0.11183597390493942,120,0.2094240837696335,2
284_NEK_id_8_WebService_tr_500_1st_976.csv,1073,500,573,89,0.08294501397949673,89,0.15532286212914484,1
285_NEK_id_9_WebService_tr_500_1st_780.csv,1073,500,573,108,0.10065237651444547,108,0.18848167539267016,2
286_CATSv2_id_1_Sensor_tr_17792_1st_17892.csv,300000,17792,282208,14800,0.04933333333333333,14800,0.052443587708356956,19
287_TODS_id_1_Synthetic_tr_500_1st_11.csv,5000,500,4500,261,0.0522,235,0.052222222222222225,247
288_TODS_id_2_Synthetic_tr_500_1st_65.csv,5000,500,4500,338,0.0676,323,0.07177777777777777,112
289_TODS_id_3_Synthetic_tr_500_1st_26.csv,5000,500,4500,225,0.045,209,0.04644444444444444,123
290_TODS_id_4_Synthetic_tr_500_1st_26.csv,5000,500,4500,429,0.0858,417,0.09266666666666666,84
292_TODS_id_6_Synthetic_tr_500_1st_11.csv,5000,500,4500,261,0.0522,235,0.052222222222222225,247
293_TODS_id_7_Synthetic_tr_500_1st_7.csv,5000,500,4500,251,0.0502,241,0.05355555555555556,24
294_TODS_id_8_Synthetic_tr_500_1st_200.csv,5000,500,4500,510,0.102,410,0.09111111111111111,14
295_TODS_id_9_Synthetic_tr_1250_1st_2046.csv,5000,1250,3750,390,0.078,390,0.104,11
296_TODS_id_10_Synthetic_tr_500_1st_26.csv,5000,500,4500,204,0.0408,183,0.04066666666666666,155
297_TODS_id_11_Synthetic_tr_500_1st_7.csv,5000,500,4500,251,0.0502,241,0.05355555555555556,24
298_TODS_id_12_Synthetic_tr_500_1st_0.csv,5000,500,4500,324,0.0648,297,0.066,60
299_TODS_id_13_Synthetic_tr_500_1st_65.csv,5000,500,4500,268,0.0536,237,0.05266666666666667,96
301_TODS_id_15_Synthetic_tr_500_1st_245.csv,5000,500,4500,410,0.082,400,0.08888888888888889,13
302_Power_id_1_Facility_tr_7685_1st_7785.csv,35040,7685,27355,3000,0.08561643835616438,3000,0.10966916468652897,4
303_UCR_id_1_Medical_tr_2499_1st_8000.csv,9998,2499,7499,25,0.002500500100020004,25,0.0033337778370449394,1
304_UCR_id_2_Medical_tr_2499_1st_7000.csv,9998,2499,7499,50,0.005001000200040008,50,0.006667555674089879,1
306_UCR_id_4_Medical_tr_2507_1st_8500.csv,10028,2507,7521,1,9.972078181092939e-05,1,0.00013296104241457252,1
307_UCR_id_5_Facility_tr_29895_1st_39240.csv,119580,29895,89685,96,0.0008028098344204717,96,0.0010704131125606289,1
308_UCR_id_6_Facility_tr_20000_1st_56600.csv,80001,20000,60001,300,0.00374995312558593,300,0.004999916668055532,1
309_UCR_id_7_Medical_tr_3000_1st_5948.csv,12000,3000,9000,45,0.00375,45,0.005,1
310_UCR_id_8_HumanActivity_tr_2631_1st_8285.csv,10524,2631,7893,30,0.0028506271379703536,30,0.003800836183960471,1
311_UCR_id_9_HumanActivity_tr_16000_1st_38400.csv,64000,16000,48000,800,0.0125,800,0.016666666666666666,1
313_UCR_id_11_Sensor_tr_2827_1st_4711.csv,11308,2827,8481,98,0.008666430845419171,98,0.011555241127225563,1
314_UCR_id_12_HumanActivity_tr_16250_1st_38500.csv,65000,16250,48750,300,0.004615384615384616,300,0.006153846153846154,1
315_UCR_id_13_HumanActivity_tr_16000_1st_33070.csv,64000,16000,48000,110,0.00171875,110,0.0022916666666666667,1
316_UCR_id_14_Sensor_tr_2833_1st_5988.csv,11334,2833,8501,97,0.008558320098817717,97,0.01141042230325844,1
317_UCR_id_15_HumanActivity_tr_16000_1st_38400.csv,64000,16000,48000,800,0.0125,800,0.016666666666666666,1
318_UCR_id_16_Medical_tr_2499_1st_7000.csv,9998,2499,7499,50,0.005001000200040008,50,0.006667555674089879,1
319_UCR_id_17_Environment_tr_6166_1st_19280.csv,24667,6166,18501,160,0.00648639883244821,160,0.008648181179395708,1
320_UCR_id_18_Medical_tr_2500_1st_7000.csv,10001,2500,7501,30,0.0029997000299970002,30,0.003999466737768298,1
321_UCR_id_19_Medical_tr_1875_1st_4485.csv,7500,1875,5625,102,0.0136,102,0.018133333333333335,1
322_UCR_id_20_Facility_tr_7482_1st_24005.csv,29931,7482,22449,72,0.0024055327252681166,72,0.0032072698115728987,1
324_UCR_id_22_Medical_tr_1875_1st_5865.csv,7501,1875,5626,109,0.014531395813891481,109,0.019374333451830785,1
325_UCR_id_23_Medical_tr_3000_1st_6168.csv,12000,3000,9000,44,0.0036666666666666666,44,0.004888888888888889,1
326_UCR_id_24_Medical_tr_1875_1st_4187.csv,7501,1875,5626,12,0.001599786695107319,12,0.002132954141485958,1
327_UCR_id_25_Medical_tr_15000_1st_51370.csv,60000,15000,45000,370,0.006166666666666667,370,0.008222222222222223,1
328_UCR_id_26_Medical_tr_1913_1st_3474.csv,7654,1913,5741,155,0.020250849229161223,155,0.026998780700226443,1
329_UCR_id_27_Medical_tr_7500_1st_17210.csv,30001,7500,22501,50,0.0016666111129629013,50,0.0022221234611795033,1
330_UCR_id_28_Facility_tr_7482_1st_23405.csv,29931,7482,22449,72,0.0024055327252681166,72,0.0032072698115728987,1
331_UCR_id_29_Facility_tr_50000_1st_837400.csv,900000,50000,850000,1700,0.001888888888888889,1700,0.002,1
332_UCR_id_30_Facility_tr_13750_1st_52600.csv,55000,13750,41250,200,0.0036363636363636364,200,0.0048484848484848485,1
333_UCR_id_31_Facility_tr_7500_1st_13400.csv,30000,7500,22500,400,0.013333333333333334,400,0.017777777777777778,1
334_UCR_id_32_HumanActivity_tr_1671_1st_2764.csv,6684,1671,5013,231,0.034560143626570915,231,0.04608019150209455,1
335_UCR_id_33_Medical_tr_1875_1st_4526.csv,7501,1875,5626,30,0.003999466737768298,30,0.005332385353714895,1
336_UCR_id_34_Facility_tr_32191_1st_124159.csv,128767,32191,96576,826,0.006414686992785418,826,0.00855284956925116,1
337_UCR_id_35_HumanActivity_tr_50000_1st_110260.csv,200000,50000,150000,152,0.00076,152,0.0010133333333333333,1
338_UCR_id_36_Facility_tr_9000_1st_12400.csv,36001,9000,27001,400,0.011110802477708952,400,0.014814266138291175,1
339_UCR_id_37_Sensor_tr_2750_1st_5400.csv,11000,2750,8250,200,0.01818181818181818,200,0.024242424242424242,1
340_UCR_id_38_Facility_tr_32500_1st_114283.csv,130001,32500,97501,67,0.0005153806509180698,67,0.0006871724392570333,1
341_UCR_id_39_HumanActivity_tr_48812_1st_128430.csv,195250,48812,146438,1,5.121638924455826e-06,1,6.828828582744916e-06,1
342_UCR_id_40_Medical_tr_7500_1st_17000.csv,30000,7500,22500,100,0.0033333333333333335,100,0.0044444444444444444,1
343_UCR_id_41_Facility_tr_14030_1st_52600.csv,56123,14030,42093,200,0.003563601375550131,200,0.004751383840543558,1
344_UCR_id_42_Sensor_tr_2851_1st_5365.csv,11406,2851,8555,15,0.0013150973172014729,15,0.0017533606078316774,1
345_UCR_id_43_Facility_tr_25000_1st_44630.csv,100000,25000,75000,260,0.0026,260,0.0034666666666666665,1
346_UCR_id_44_Medical_tr_7456_1st_17390.csv,29826,7456,22370,130,0.004358613290417757,130,0.00581135449262405,1
348_UCR_id_46_Facility_tr_9000_1st_12400.csv,36001,9000,27001,400,0.011110802477708952,400,0.014814266138291175,1
349_UCR_id_47_Facility_tr_29954_1st_74900.csv,119819,29954,89865,96,0.0008012084894716197,96,0.0010682690702720748,1
350_UCR_id_48_Facility_tr_7482_1st_23405.csv,29931,7482,22449,72,0.0024055327252681166,72,0.0032072698115728987,1
351_UCR_id_49_Medical_tr_7464_1st_12190.csv,29859,7464,22395,230,0.007702870156401755,230,0.010270149586961375,1
352_UCR_id_50_HumanActivity_tr_48750_1st_110800.csv,195000,48750,146250,1,5.128205128205128e-06,1,6.837606837606838e-06,1
353_UCR_id_51_Medical_tr_1875_1st_3198.csv,7500,1875,5625,111,0.0148,111,0.019733333333333332,1
354_UCR_id_52_Facility_tr_7482_1st_18485.csv,29931,7482,22449,336,0.011225819384584544,336,0.014967259120673527,1
355_UCR_id_53_HumanActivity_tr_48750_1st_143411.csv,195000,48750,146250,100,0.0005128205128205128,100,0.0006837606837606838,1
356_UCR_id_54_Medical_tr_7500_1st_16000.csv,30000,7500,22500,100,0.0033333333333333335,100,0.0044444444444444444,1
357_UCR_id_55_Facility_tr_12500_1st_46600.csv,50000,12500,37500,300,0.006,300,0.008,1
358_UCR_id_56_Facility_tr_10500_1st_29080.csv,42000,10500,31500,60,0.0014285714285714286,60,0.0019047619047619048,1
359_UCR_id_57_Medical_tr_1913_1st_3474.csv,7654,1913,5741,155,0.020250849229161223,155,0.026998780700226443,1
360_UCR_id_58_Facility_tr_14030_1st_52600.csv,56123,14030,42093,200,0.003563601375550131,200,0.004751383840543558,1
361_UCR_id_59_Medical_tr_3000_1st_7175.csv,12000,3000,9000,213,0.01775,213,0.023666666666666666,1
362_UCR_id_60_HumanActivity_tr_16000_1st_31200.csv,64000,16000,48000,650,0.01015625,650,0.013541666666666667,1
363_UCR_id_61_Medical_tr_7500_1st_16000.csv,30000,7500,22500,100,0.0033333333333333335,100,0.0044444444444444444,1
364_UCR_id_62_Sensor_tr_2833_1st_5988.csv,11334,2833,8501,97,0.008558320098817717,97,0.01141042230325844,1
365_UCR_id_63_Facility_tr_50000_1st_210720.csv,299940,50000,249940,650,0.0021671000866840037,650,0.002600624149795951,1
366_UCR_id_64_Medical_tr_2507_1st_8500.csv,10028,2507,7521,1,9.972078181092939e-05,1,0.00013296104241457252,1
367_UCR_id_65_Medical_tr_9567_1st_16000.csv,38269,9567,28702,100,0.0026130810839060338,100,0.003484077764615706,1
368_UCR_id_66_Facility_tr_50000_1st_125720.csv,299690,50000,249690,650,0.0021689078714671826,650,0.002603228002723377,1
369_UCR_id_67_Sensor_tr_2750_1st_5400.csv,11000,2750,8250,200,0.01818181818181818,200,0.024242424242424242,1
370_UCR_id_68_Medical_tr_9625_1st_12240.csv,38501,9625,28876,68,0.0017661878912236047,68,0.0023548968001108187,1
371_UCR_id_69_Medical_tr_1853_1st_6200.csv,7415,1853,5562,170,0.022926500337154418,170,0.030564545127651922,1
372_UCR_id_70_Medical_tr_7500_1st_17000.csv,30000,7500,22500,100,0.0033333333333333335,100,0.0044444444444444444,1
373_UCR_id_71_Sensor_tr_2827_1st_5988.csv,11308,2827,8481,97,0.008577997877608773,97,0.011437330503478364,1
374_UCR_id_72_Medical_tr_2500_1st_7000.csv,10001,2500,7501,30,0.0029997000299970002,30,0.003999466737768298,1
375_UCR_id_73_Medical_tr_47500_1st_123000.csv,190001,47500,142501,300,0.0015789390582154831,300,0.002105248384221865,1
376_UCR_id_74_Medical_tr_7500_1st_17210.csv,30001,7500,22501,50,0.0016666111129629013,50,0.0022221234611795033,1
377_UCR_id_75_Medical_tr_1875_1st_6599.csv,7501,1875,5626,82,0.010931875749900012,82,0.01457518663348738,1
378_UCR_id_76_Medical_tr_9594_1st_11111.csv,38379,9594,28785,100,0.002605591599572683,100,0.0034740316136876847,1
379_UCR_id_77_Facility_tr_32191_1st_124159.csv,128767,32191,96576,826,0.006414686992785418,826,0.00855284956925116,1
380_UCR_id_78_Medical_tr_1830_1st_4675.csv,7321,1830,5491,358,0.048900423439420845,358,0.06519759606629029,1
381_UCR_id_79_HumanActivity_tr_16000_1st_31200.csv,64000,16000,48000,650,0.01015625,650,0.013541666666666667,1
382_UCR_id_80_Medical_tr_7500_1st_11800.csv,30000,7500,22500,300,0.01,300,0.013333333333333334,1
383_UCR_id_81_Medical_tr_1875_1st_3198.csv,7500,1875,5625,111,0.0148,111,0.019733333333333332,1
384_UCR_id_82_Facility_tr_50000_1st_884100.csv,900000,50000,850000,100,0.00011111111111111112,100,0.00011764705882352942,1
385_UCR_id_83_Environment_tr_2046_1st_6006.csv,8184,2046,6138,48,0.005865102639296188,48,0.007820136852394917,1
387_UCR_id_85_Environment_tr_2046_1st_5549.csv,8184,2046,6138,48,0.005865102639296188,48,0.007820136852394917,1
388_UCR_id_86_Facility_tr_17500_1st_23355.csv,70001,17500,52501,45,0.0006428479593148669,45,0.0008571265309232205,1
389_UCR_id_87_Facility_tr_7482_1st_18485.csv,29931,7482,22449,336,0.011225819384584544,336,0.014967259120673527,1
390_UCR_id_88_Medical_tr_7500_1st_17000.csv,30000,7500,22500,100,0.0033333333333333335,100,0.0044444444444444444,1
391_UCR_id_89_Medical_tr_1875_1st_5759.csv,7500,1875,5625,160,0.021333333333333333,160,0.028444444444444446,1
392_UCR_id_90_HumanActivity_tr_48750_1st_130700.csv,195000,48750,146250,1180,0.006051282051282051,1180,0.008068376068376069,1
393_UCR_id_91_Environment_tr_2046_1st_4852.csv,8184,2046,6138,48,0.005865102639296188,48,0.007820136852394917,1
394_UCR_id_92_Medical_tr_9967_1st_28995.csv,39870,9967,29903,90,0.002257336343115124,90,0.0030097314650703944,1
395_UCR_id_93_Medical_tr_7516_1st_17390.csv,30066,7516,22550,130,0.004323820927293288,130,0.005764966740576497,1
396_UCR_id_94_Medical_tr_1875_1st_5607.csv,7501,1875,5626,27,0.0035995200639914677,27,0.004799146818343406,1
397_UCR_id_95_Medical_tr_1830_1st_4675.csv,7321,1830,5491,358,0.048900423439420845,358,0.06519759606629029,1
398_UCR_id_96_Medical_tr_1913_1st_3474.csv,7654,1913,5741,155,0.020250849229161223,155,0.026998780700226443,1
399_UCR_id_97_Facility_tr_19948_1st_52000.csv,79795,19948,59847,620,0.007769910395388182,620,0.010359750697612245,1
400_UCR_id_98_Environment_tr_2046_1st_5391.csv,8184,2046,6138,1,0.00012218963831867058,1,0.00016291951775822744,1
401_UCR_id_99_HumanActivity_tr_1671_1st_5920.csv,6684,1671,5013,59,0.008827049670855775,59,0.011769399561141033,1
402_UCR_id_100_Medical_tr_7500_1st_19510.csv,30000,7500,22500,100,0.0033333333333333335,100,0.0044444444444444444,1
403_UCR_id_101_Medical_tr_1875_1st_4187.csv,7501,1875,5626,12,0.001599786695107319,12,0.002132954141485958,1
404_UCR_id_102_Facility_tr_13750_1st_52600.csv,55000,13750,41250,200,0.0036363636363636364,200,0.0048484848484848485,1
405_UCR_id_103_Sensor_tr_2827_1st_5988.csv,11308,2827,8481,97,0.008577997877608773,97,0.011437330503478364,1
406_UCR_id_104_Facility_tr_20000_1st_67950.csv,80000,20000,60000,250,0.003125,250,0.004166666666666667,1
407_UCR_id_105_Medical_tr_7500_1st_16900.csv,30000,7500,22500,200,0.006666666666666667,200,0.008888888888888889,1
408_UCR_id_106_Medical_tr_9594_1st_11111.csv,38379,9594,28785,100,0.002605591599572683,100,0.0034740316136876847,1
409_UCR_id_107_Facility_tr_20000_1st_67950.csv,80000,20000,60000,250,0.003125,250,0.004166666666666667,1
410_UCR_id_108_Medical_tr_1875_1st_4187.csv,7500,1875,5625,10,0.0013333333333333333,10,0.0017777777777777779,1
411_UCR_id_109_Environment_tr_2046_1st_4852.csv,8184,2046,6138,48,0.005865102639296188,48,0.007820136852394917,1
412_UCR_id_110_Medical_tr_7500_1st_16900.csv,30000,7500,22500,200,0.006666666666666667,200,0.008888888888888889,1
413_UCR_id_111_Facility_tr_12500_1st_46600.csv,50000,12500,37500,300,0.006,300,0.008,1
414_UCR_id_112_HumanActivity_tr_48750_1st_143411.csv,195000,48750,146250,100,0.0005128205128205128,100,0.0006837606837606838,1
415_UCR_id_113_Medical_tr_3000_1st_8612.csv,12000,3000,9000,104,0.008666666666666666,104,0.011555555555555555,1
416_UCR_id_114_Medical_tr_50000_1st_91200.csv,211502,50000,161502,500,0.0023640438388289474,500,0.0030959368924223848,1
417_UCR_id_115_Sensor_tr_2750_1st_5400.csv,11000,2750,8250,200,0.01818181818181818,200,0.024242424242424242,1
418_UCR_id_116_Facility_tr_10000_1st_35774.csv,40000,10000,30000,100,0.0025,100,0.0033333333333333335,1
419_UCR_id_117_Facility_tr_3000_1st_6168.csv,12000,3000,9000,44,0.0036666666666666666,44,0.004888888888888889,1
420_UCR_id_118_Facility_tr_13750_1st_52600.csv,55000,13750,41250,200,0.0036363636363636364,200,0.0048484848484848485,1
421_UCR_id_119_HumanActivity_tr_48750_1st_130700.csv,195000,48750,146250,1180,0.006051282051282051,1180,0.008068376068376069,1
422_UCR_id_120_Facility_tr_50000_1st_150720.csv,299690,50000,249690,650,0.0021689078714671826,650,0.002603228002723377,1
423_UCR_id_121_Facility_tr_13750_1st_52600.csv,55000,13750,41250,200,0.0036363636363636364,200,0.0048484848484848485,1
424_UCR_id_122_Medical_tr_7464_1st_12190.csv,29859,7464,22395,230,0.007702870156401755,230,0.010270149586961375,1
425_UCR_id_123_Medical_tr_16700_1st_16800.csv,200000,16700,183300,300,0.0015,300,0.0016366612111292963,1
426_UCR_id_124_Sensor_tr_2827_1st_4711.csv,11308,2827,8481,98,0.008666430845419171,98,0.011555241127225563,1
427_UCR_id_125_Medical_tr_10403_1st_10995.csv,41612,10403,31209,33,0.0007930404690954532,33,0.001057387292127271,1
428_UCR_id_126_Medical_tr_7487_1st_27862.csv,29950,7487,22463,70,0.002337228714524207,70,0.0031162355874104083,1
430_UCR_id_128_HumanActivity_tr_12500_1st_46500.csv,50000,12500,37500,300,0.006,300,0.008,1
431_UCR_id_129_Facility_tr_32500_1st_114283.csv,130001,32500,97501,67,0.0005153806509180698,67,0.0006871724392570333,1
432_UCR_id_130_Facility_tr_23000_1st_26970.csv,92000,23000,69000,300,0.003260869565217391,300,0.004347826086956522,1
433_UCR_id_131_Facility_tr_50000_1st_106720.csv,299990,50000,249990,650,0.0021667388912963766,650,0.0026001040041601664,1
434_UCR_id_132_Medical_tr_14750_1st_57530.csv,59000,14750,44250,260,0.004406779661016949,260,0.005875706214689265,1
435_UCR_id_133_Medical_tr_14750_1st_47830.csv,59000,14750,44250,20,0.00033898305084745765,20,0.0004519774011299435,1
436_UCR_id_134_Medical_tr_1875_1st_4526.csv,7501,1875,5626,30,0.003999466737768298,30,0.005332385353714895,1
437_UCR_id_135_Medical_tr_2499_1st_8000.csv,9998,2499,7499,25,0.002500500100020004,25,0.0033337778370449394,1
438_UCR_id_136_Medical_tr_14750_1st_57960.csv,59000,14750,44250,10,0.00016949152542372882,10,0.00022598870056497175,1
439_UCR_id_137_HumanActivity_tr_48750_1st_110800.csv,195000,48750,146250,1,5.128205128205128e-06,1,6.837606837606838e-06,1
440_UCR_id_138_Medical_tr_16700_1st_16800.csv,200000,16700,183300,300,0.0015,300,0.0016366612111292963,1
441_UCR_id_139_Facility_tr_7500_1st_13400.csv,30000,7500,22500,400,0.013333333333333334,400,0.017777777777777778,1
442_UCR_id_140_Medical_tr_1875_1st_4187.csv,7501,1875,5626,12,0.001599786695107319,12,0.002132954141485958,1
443_UCR_id_141_Medical_tr_7456_1st_17390.csv,29826,7456,22370,130,0.004358613290417757,130,0.00581135449262405,1
444_UCR_id_142_Medical_tr_10336_1st_17001.csv,41347,10336,31011,15,0.000362783273272547,15,0.00048369933249492117,1
445_UCR_id_143_Environment_tr_6166_1st_19280.csv,24667,6166,18501,160,0.00648639883244821,160,0.008648181179395708,1
446_UCR_id_144_Medical_tr_7500_1st_17000.csv,30000,7500,22500,100,0.0033333333333333335,100,0.0044444444444444444,1
447_UCR_id_145_Medical_tr_9625_1st_12240.csv,38501,9625,28876,68,0.0017661878912236047,68,0.0023548968001108187,1
448_UCR_id_146_Facility_tr_7482_1st_23357.csv,29931,7482,22449,360,0.012027663626340583,360,0.016036349057864493,1
449_UCR_id_147_Sensor_tr_2847_1st_9330.csv,11388,2847,8541,10,0.0008781173164734809,10,0.001170823088631308,1
450_UCR_id_148_Medical_tr_7500_1st_16900.csv,30000,7500,22500,200,0.006666666666666667,200,0.008888888888888889,1
451_UCR_id_149_Medical_tr_3000_1st_7175.csv,12000,3000,9000,213,0.01775,213,0.023666666666666666,1
452_UCR_id_150_Facility_tr_10000_1st_35774.csv,40000,10000,30000,100,0.0025,100,0.0033333333333333335,1
453_UCR_id_151_Facility_tr_32000_1st_67995.csv,128001,32000,96001,1,7.812438965320584e-06,1,1.0416558160852491e-05,1
454_UCR_id_152_Medical_tr_9625_1st_20950.csv,38501,9625,28876,150,0.0038960027012285396,150,0.0051946252943621,1
455_UCR_id_153_Facility_tr_50000_1st_163632.csv,298340,50000,248340,1220,0.004089294093986727,1220,0.004912619795441733,1
456_UCR_id_154_Facility_tr_22500_1st_72150.csv,90000,22500,67500,345,0.003833333333333333,345,0.005111111111111111,1
457_UCR_id_155_Medical_tr_49999_1st_143000.csv,199999,49999,150000,300,0.0015000075000375002,300,0.002,1
458_UCR_id_156_Facility_tr_20000_1st_56600.csv,80001,20000,60001,300,0.00374995312558593,300,0.004999916668055532,1
459_UCR_id_157_HumanActivity_tr_50000_1st_110260.csv,200000,50000,150000,152,0.00076,152,0.0010133333333333333,1
460_UCR_id_158_Medical_tr_7487_1st_27862.csv,29950,7487,22463,70,0.002337228714524207,70,0.0031162355874104083,1
461_UCR_id_159_Medical_tr_45096_1st_131200.csv,180386,45096,135290,500,0.0027718337343252803,500,0.003695764653706852,1
462_UCR_id_160_Medical_tr_1853_1st_6200.csv,7415,1853,5562,170,0.022926500337154418,170,0.030564545127651922,1
463_UCR_id_161_Environment_tr_2046_1st_6006.csv,8184,2046,6138,48,0.005865102639296188,48,0.007820136852394917,1
464_UCR_id_162_Medical_tr_7487_1st_16390.csv,29950,7487,22463,30,0.001001669449081803,30,0.0013355295374616034,1
465_UCR_id_163_HumanActivity_tr_1671_1st_5920.csv,6684,1671,5013,59,0.008827049670855775,59,0.011769399561141033,1
466_UCR_id_164_Medical_tr_1900_1st_5684.csv,7601,1900,5701,170,0.022365478226549138,170,0.02981932994211542,1
467_UCR_id_165_Environment_tr_6166_1st_19280.csv,24667,6166,18501,160,0.00648639883244821,160,0.008648181179395708,1
468_UCR_id_166_Facility_tr_10000_1st_35774.csv,40000,10000,30000,100,0.0025,100,0.0033333333333333335,1
469_UCR_id_167_Medical_tr_1875_1st_4187.csv,7500,1875,5625,10,0.0013333333333333333,10,0.0017777777777777779,1
470_UCR_id_168_Medical_tr_10447_1st_10998.csv,41790,10447,31343,30,0.0007178750897343862,30,0.0009571515170851546,1
471_UCR_id_169_Facility_tr_10000_1st_35774.csv,40000,10000,30000,100,0.0025,100,0.0033333333333333335,1
472_UCR_id_170_Facility_tr_32000_1st_67995.csv,128001,32000,96001,1,7.812438965320584e-06,1,1.0416558160852491e-05,1
473_UCR_id_171_HumanActivity_tr_2617_1st_7290.csv,10468,2617,7851,6,0.0005731753916698509,6,0.0007642338555598013,1
474_UCR_id_172_Environment_tr_2046_1st_6520.csv,8184,2046,6138,24,0.002932551319648094,24,0.0039100684261974585,1
475_UCR_id_173_Medical_tr_3000_1st_8612.csv,12000,3000,9000,104,0.008666666666666666,104,0.011555555555555555,1
476_UCR_id_174_Facility_tr_50000_1st_64632.csv,299840,50000,249840,220,0.0007337246531483458,220,0.0008805635606788344,1
477_UCR_id_175_Medical_tr_7500_1st_17000.csv,30000,7500,22500,100,0.0033333333333333335,100,0.0044444444444444444,1
478_UCR_id_176_Medical_tr_7500_1st_17210.csv,30001,7500,22501,50,0.0016666111129629013,50,0.0022221234611795033,1
479_UCR_id_177_Medical_tr_2000_1st_7000.csv,8000,2000,6000,50,0.00625,50,0.008333333333333333,1
480_UCR_id_178_Facility_tr_50000_1st_160720.csv,299890,50000,249890,650,0.0021674614025142553,650,0.002601144503581576,1
481_UCR_id_179_Medical_tr_1900_1st_5684.csv,7601,1900,5701,170,0.022365478226549138,170,0.02981932994211542,1
482_UCR_id_180_Medical_tr_7500_1st_16000.csv,30000,7500,22500,100,0.0033333333333333335,100,0.0044444444444444444,1
483_UCR_id_181_Medical_tr_2499_1st_6508.csv,9998,2499,7499,50,0.005001000200040008,50,0.006667555674089879,1
484_UCR_id_182_Medical_tr_1875_1st_5759.csv,7500,1875,5625,160,0.021333333333333333,160,0.028444444444444446,1
485_UCR_id_183_Medical_tr_7516_1st_17390.csv,30066,7516,22550,130,0.004323820927293288,130,0.005764966740576497,1
486_UCR_id_184_Medical_tr_1875_1st_5607.csv,7501,1875,5626,27,0.0035995200639914677,27,0.004799146818343406,1
487_UCR_id_185_Medical_tr_49938_1st_191200.csv,199753,49938,149815,500,0.002503091317777455,500,0.0033374495210759937,1
488_UCR_id_186_Medical_tr_7500_1st_16000.csv,30000,7500,22500,100,0.0033333333333333335,100,0.0044444444444444444,1
489_UCR_id_187_Medical_tr_1875_1st_4485.csv,7500,1875,5625,102,0.0136,102,0.018133333333333335,1
490_UCR_id_188_Medical_tr_14750_1st_47530.csv,59000,14750,44250,260,0.004406779661016949,260,0.005875706214689265,1
491_UCR_id_189_Facility_tr_32372_1st_114000.csv,129489,32372,97117,370,0.002857385569430608,370,0.0038098376185425826,1
492_UCR_id_190_HumanActivity_tr_12500_1st_46500.csv,50000,12500,37500,300,0.006,300,0.008,1
493_UCR_id_191_Sensor_tr_2847_1st_9330.csv,11388,2847,8541,10,0.0008781173164734809,10,0.001170823088631308,1
494_UCR_id_192_Facility_tr_22500_1st_72150.csv,90000,22500,67500,345,0.003833333333333333,345,0.005111111111111111,1
495_UCR_id_193_Environment_tr_2046_1st_6520.csv,8184,2046,6138,24,0.002932551319648094,24,0.0039100684261974585,1
496_UCR_id_194_Environment_tr_2046_1st_5391.csv,8184,2046,6138,1,0.00012218963831867058,1,0.00016291951775822744,1
497_UCR_id_195_Facility_tr_32372_1st_114000.csv,129489,32372,97117,370,0.002857385569430608,370,0.0038098376185425826,1
498_UCR_id_196_Medical_tr_15000_1st_51370.csv,60000,15000,45000,370,0.006166666666666667,370,0.008222222222222223,1
499_UCR_id_197_Environment_tr_2046_1st_5703.csv,8184,2046,6138,24,0.002932551319648094,24,0.0039100684261974585,1
500_UCR_id_198_Facility_tr_7482_1st_23357.csv,29931,7482,22449,360,0.012027663626340583,360,0.016036349057864493,1
501_UCR_id_199_Facility_tr_7482_1st_29480.csv,29931,7482,22449,24,0.0008018442417560389,24,0.0010690899371909662,1
502_UCR_id_200_Medical_tr_7487_1st_16390.csv,29950,7487,22463,30,0.001001669449081803,30,0.0013355295374616034,1
503_UCR_id_201_Facility_tr_50000_1st_593450.csv,897667,50000,847667,64,7.129592599482882e-05,64,7.550134663729979e-05,1
504_UCR_id_202_Environment_tr_2046_1st_5549.csv,8184,2046,6138,48,0.005865102639296188,48,0.007820136852394917,1
505_UCR_id_203_HumanActivity_tr_16000_1st_33070.csv,64000,16000,48000,110,0.00171875,110,0.0022916666666666667,1
506_UCR_id_204_Environment_tr_2046_1st_5549.csv,8184,2046,6138,48,0.005865102639296188,48,0.007820136852394917,1
507_UCR_id_205_HumanActivity_tr_16000_1st_31200.csv,64000,16000,48000,650,0.01015625,650,0.013541666666666667,1
508_UCR_id_206_Medical_tr_9567_1st_16000.csv,38269,9567,28702,100,0.0026130810839060338,100,0.003484077764615706,1
509_UCR_id_207_Medical_tr_1875_1st_6599.csv,7501,1875,5626,82,0.010931875749900012,82,0.01457518663348738,1
510_UCR_id_208_Facility_tr_50000_1st_126920.csv,300000,50000,250000,450,0.0015,450,0.0018,1
511_UCR_id_209_Medical_tr_7500_1st_11800.csv,30000,7500,22500,300,0.01,300,0.013333333333333334,1
512_UCR_id_210_HumanActivity_tr_1671_1st_2764.csv,6684,1671,5013,231,0.034560143626570915,231,0.04608019150209455,1
513_UCR_id_211_Medical_tr_9967_1st_26929.csv,39870,9967,29903,60,0.0015048908954100827,60,0.0020064876433802626,1
514_UCR_id_212_Medical_tr_2499_1st_6508.csv,9998,2499,7499,50,0.005001000200040008,50,0.006667555674089879,1
515_UCR_id_213_Medical_tr_10499_1st_15000.csv,41999,10499,31500,70,0.001666706350151194,70,0.0022222222222222222,1
516_UCR_id_214_HumanActivity_tr_2108_1st_4702.csv,8432,2108,6324,5,0.0005929791271347248,5,0.0007906388361796331,1
517_UCR_id_215_Facility_tr_7482_1st_24005.csv,29931,7482,22449,72,0.0024055327252681166,72,0.0032072698115728987,1
518_UCR_id_216_Medical_tr_9625_1st_20950.csv,38501,9625,28876,150,0.0038960027012285396,150,0.0051946252943621,1
519_UCR_id_217_Medical_tr_7516_1st_17390.csv,30066,7516,22550,130,0.004323820927293288,130,0.005764966740576497,1
520_UCR_id_218_Medical_tr_9567_1st_16000.csv,38269,9567,28702,100,0.0026130810839060338,100,0.003484077764615706,1
521_UCR_id_219_Facility_tr_3000_1st_6527.csv,12000,3000,9000,118,0.009833333333333333,118,0.013111111111111112,1
522_UCR_id_220_Medical_tr_10217_1st_27929.csv,40870,10217,30653,60,0.0014680694886224615,60,0.0019573940560467166,1
523_UCR_id_221_Facility_tr_3000_1st_6527.csv,12000,3000,9000,118,0.009833333333333333,118,0.013111111111111112,1
524_UCR_id_222_Medical_tr_1875_1st_5865.csv,7501,1875,5626,109,0.014531395813891481,109,0.019374333451830785,1
525_UCR_id_223_Facility_tr_50000_1st_250720.csv,299790,50000,249790,650,0.002168184395743687,650,0.0026021858361023257,1
526_UCR_id_224_Sensor_tr_2827_1st_4711.csv,11308,2827,8481,98,0.008666430845419171,98,0.011555241127225563,1
527_UCR_id_225_Medical_tr_3000_1st_5948.csv,12000,3000,9000,45,0.00375,45,0.005,1
528_UCR_id_226_Medical_tr_7500_1st_17000.csv,30000,7500,22500,100,0.0033333333333333335,100,0.0044444444444444444,1
529_UCR_id_227_Facility_tr_19948_1st_52000.csv,79795,19948,59847,620,0.007769910395388182,620,0.010359750697612245,1
530_UCR_id_228_HumanActivity_tr_16250_1st_38500.csv,65000,16250,48750,300,0.004615384615384616,300,0.006153846153846154,1
531_SMAP_id_1_Sensor_tr_1811_1st_4510.csv,7244,1811,5433,81,0.011181667586968525,81,0.014908890115958034,1
532_SMAP_id_2_Sensor_tr_2075_1st_5550.csv,8302,2075,6227,351,0.04227896892315105,351,0.05636743215031315,1
533_SMAP_id_3_Sensor_tr_2052_1st_5300.csv,8209,2052,6157,1121,0.13655743695943476,1121,0.18206918954036055,1
534_SMAP_id_4_Sensor_tr_1968_1st_4370.csv,7874,1968,5906,51,0.006477012954025908,51,0.008635286149678293,1
536_SMAP_id_6_Sensor_tr_2160_1st_5600.csv,8640,2160,6480,101,0.011689814814814814,101,0.01558641975308642,1
537_SMAP_id_7_Sensor_tr_2077_1st_5394.csv,8310,2077,6233,281,0.03381468110709988,281,0.04508262473929087,1
538_SMAP_id_8_Sensor_tr_2007_1st_3650.csv,8029,2007,6022,268,0.033379001120936606,268,0.04450348721355032,3
539_SMAP_id_9_Sensor_tr_1857_1st_4270.csv,7431,1857,5574,61,0.008208854797470059,61,0.010943667025475421,1
540_SMAP_id_10_Sensor_tr_2051_1st_4575.csv,8205,2051,6154,186,0.0226691042047532,186,0.030224244393890154,1
541_SMAP_id_11_Sensor_tr_1832_1st_5300.csv,7331,1832,5499,448,0.06111035329422998,448,0.08146935806510275,1
542_SMAP_id_12_Sensor_tr_1908_1st_4690.csv,7632,1908,5724,31,0.004061844863731656,31,0.005415793151642208,1
544_SMAP_id_14_Sensor_tr_1978_1st_4450.csv,7914,1978,5936,111,0.014025777103866566,111,0.01869946091644205,1
545_SMAP_id_15_Sensor_tr_1173_1st_2750.csv,4693,1173,3520,51,0.010867249094395908,51,0.014488636363636363,1
546_SMAP_id_16_Sensor_tr_2117_1st_4770.csv,8469,2117,6352,121,0.014287401109930334,121,0.01904911838790932,1
547_SMAP_id_17_Sensor_tr_2133_1st_5400.csv,8532,2133,6399,623,0.07301922175339896,623,0.09735896233786528,1
548_SMAP_id_18_Sensor_tr_2094_1st_5600.csv,8376,2094,6282,41,0.004894937917860554,41,0.0065265838904807385,1
549_SMAP_id_19_Sensor_tr_1998_1st_2098.csv,8579,1998,6581,184,0.021447721179624665,184,0.02795927670566783,2
550_SWaT_id_1_Sensor_tr_43700_1st_43800.csv,419919,43700,376219,50653,0.12062564446952864,50653,0.1346370066370917,27
551_YAHOO_id_1_Synthetic_tr_500_1st_893.csv,1421,500,921,1,0.0007037297677691766,1,0.0010857763300760044,1
552_YAHOO_id_2_Synthetic_tr_500_1st_893.csv,1421,500,921,1,0.0007037297677691766,1,0.0010857763300760044,1
553_YAHOO_id_3_WebService_tr_500_1st_237.csv,1680,500,1180,4,0.002380952380952381,3,0.002542372881355932,4
554_YAHOO_id_4_Synthetic_tr_500_1st_658.csv,1421,500,921,4,0.0028149190710767065,4,0.004343105320304018,2
555_YAHOO_id_5_WebService_tr_500_1st_730.csv,1680,500,1180,4,0.002380952380952381,4,0.003389830508474576,4
556_YAHOO_id_6_WebService_tr_500_1st_359.csv,1441,500,941,82,0.05690492713393477,81,0.08607863974495218,4
557_YAHOO_id_7_WebService_tr_500_1st_770.csv,1424,500,924,227,0.15941011235955055,227,0.24567099567099568,3
558_YAHOO_id_8_WebService_tr_500_1st_1125.csv,1427,500,927,80,0.05606166783461808,80,0.08629989212513485,2
559_YAHOO_id_9_WebService_tr_500_1st_538.csv,1680,500,1180,2,0.0011904761904761906,2,0.001694915254237288,2
561_YAHOO_id_11_WebService_tr_500_1st_359.csv,1680,500,1180,2,0.0011904761904761906,1,0.000847457627118644,2
562_YAHOO_id_12_Synthetic_tr_500_1st_893.csv,1421,500,921,1,0.0007037297677691766,1,0.0010857763300760044,1
563_YAHOO_id_13_Synthetic_tr_500_1st_623.csv,1421,500,921,9,0.0063335679099225895,9,0.009771986970684038,3
564_YAHOO_id_14_Synthetic_tr_500_1st_658.csv,1421,500,921,4,0.0028149190710767065,4,0.004343105320304018,2
565_YAHOO_id_15_WebService_tr_500_1st_151.csv,1680,500,1180,3,0.0017857142857142857,1,0.000847457627118644,3
566_YAHOO_id_16_Synthetic_tr_500_1st_623.csv,1421,500,921,9,0.0063335679099225895,9,0.009771986970684038,3
567_YAHOO_id_17_Synthetic_tr_500_1st_893.csv,1421,500,921,1,0.0007037297677691766,1,0.0010857763300760044,1
569_YAHOO_id_19_WebService_tr_500_1st_30.csv,1680,500,1180,8,0.004761904761904762,4,0.003389830508474576,8
570_YAHOO_id_20_Synthetic_tr_500_1st_658.csv,1421,500,921,4,0.0028149190710767065,4,0.004343105320304018,2
571_YAHOO_id_21_Synthetic_tr_500_1st_623.csv,1421,500,921,9,0.0063335679099225895,9,0.009771986970684038,3
572_YAHOO_id_22_WebService_tr_500_1st_377.csv,1680,500,1180,13,0.007738095238095238,9,0.007627118644067797,13
574_YAHOO_id_24_WebService_tr_500_1st_202.csv,1680,500,1180,1,0.0005952380952380953,0,0.0,1
575_YAHOO_id_25_Synthetic_tr_500_1st_623.csv,1421,500,921,9,0.0063335679099225895,9,0.009771986970684038,3
576_YAHOO_id_26_Synthetic_tr_500_1st_658.csv,1421,500,921,4,0.0028149190710767065,4,0.004343105320304018,2
577_YAHOO_id_27_WebService_tr_500_1st_498.csv,1680,500,1180,5,0.002976190476190476,4,0.003389830508474576,5
578_YAHOO_id_28_Synthetic_tr_500_1st_623.csv,1421,500,921,9,0.0063335679099225895,9,0.009771986970684038,3
579_YAHOO_id_29_WebService_tr_500_1st_1342.csv,1680,500,1180,1,0.0005952380952380953,1,0.000847457627118644,1
580_YAHOO_id_30_WebService_tr_500_1st_236.csv,1680,500,1180,2,0.0011904761904761906,1,0.000847457627118644,2
581_YAHOO_id_31_Synthetic_tr_500_1st_893.csv,1421,500,921,1,0.0007037297677691766,1,0.0010857763300760044,1
582_YAHOO_id_32_Synthetic_tr_500_1st_658.csv,1421,500,921,4,0.0028149190710767065,4,0.004343105320304018,2
584_YAHOO_id_34_Synthetic_tr_500_1st_658.csv,1421,500,921,4,0.0028149190710767065,4,0.004343105320304018,2
585_YAHOO_id_35_WebService_tr_500_1st_577.csv,1680,500,1180,3,0.0017857142857142857,3,0.002542372881355932,3
586_YAHOO_id_36_WebService_tr_500_1st_398.csv,1680,500,1180,1,0.0005952380952380953,0,0.0,1
587_YAHOO_id_37_Synthetic_tr_500_1st_623.csv,1421,500,921,9,0.0063335679099225895,9,0.009771986970684038,3
588_YAHOO_id_38_Synthetic_tr_500_1st_658.csv,1421,500,921,4,0.0028149190710767065,4,0.004343105320304018,2
589_YAHOO_id_39_WebService_tr_500_1st_10.csv,1680,500,1180,14,0.008333333333333333,9,0.007627118644067797,14
590_YAHOO_id_40_Synthetic_tr_500_1st_658.csv,1421,500,921,4,0.0028149190710767065,4,0.004343105320304018,2
591_YAHOO_id_41_WebService_tr_500_1st_139.csv,1680,500,1180,12,0.007142857142857143,9,0.007627118644067797,12
592_YAHOO_id_42_WebService_tr_500_1st_28.csv,1680,500,1180,4,0.002380952380952381,2,0.001694915254237288,4
593_YAHOO_id_43_WebService_tr_500_1st_75.csv,1680,500,1180,7,0.004166666666666667,3,0.002542372881355932,7
594_YAHOO_id_44_WebService_tr_500_1st_599.csv,1427,500,927,4,0.002803083391730904,4,0.004314994606256742,3
595_YAHOO_id_45_WebService_tr_500_1st_248.csv,1680,500,1180,6,0.0035714285714285713,4,0.003389830508474576,6
596_YAHOO_id_46_WebService_tr_500_1st_666.csv,1680,500,1180,4,0.002380952380952381,4,0.003389830508474576,4
597_YAHOO_id_47_Synthetic_tr_500_1st_623.csv,1421,500,921,9,0.0063335679099225895,9,0.009771986970684038,3
598_YAHOO_id_48_Synthetic_tr_500_1st_658.csv,1421,500,921,4,0.0028149190710767065,4,0.004343105320304018,2
599_YAHOO_id_49_WebService_tr_500_1st_653.csv,1461,500,961,8,0.0054757015742642025,8,0.008324661810613945,4
600_YAHOO_id_50_Synthetic_tr_500_1st_658.csv,1421,500,921,4,0.0028149190710767065,4,0.004343105320304018,2
601_YAHOO_id_51_Synthetic_tr_500_1st_893.csv,1421,500,921,1,0.0007037297677691766,1,0.0010857763300760044,1
602_YAHOO_id_52_WebService_tr_500_1st_595.csv,1680,500,1180,4,0.002380952380952381,4,0.003389830508474576,4
603_YAHOO_id_53_Synthetic_tr_500_1st_893.csv,1421,500,921,1,0.0007037297677691766,1,0.0010857763300760044,1
604_YAHOO_id_54_WebService_tr_500_1st_116.csv,1680,500,1180,10,0.005952380952380952,6,0.005084745762711864,9
605_YAHOO_id_55_Synthetic_tr_500_1st_893.csv,1421,500,921,1,0.0007037297677691766,1,0.0010857763300760044,1
606_YAHOO_id_56_Synthetic_tr_500_1st_623.csv,1421,500,921,9,0.0063335679099225895,9,0.009771986970684038,3
607_YAHOO_id_57_WebService_tr_500_1st_426.csv,1680,500,1180,13,0.007738095238095238,11,0.009322033898305085,12
608_YAHOO_id_58_WebService_tr_500_1st_72.csv,1680,500,1180,14,0.008333333333333333,9,0.007627118644067797,14
609_YAHOO_id_59_WebService_tr_500_1st_17.csv,1680,500,1180,12,0.007142857142857143,9,0.007627118644067797,12
610_YAHOO_id_60_WebService_tr_500_1st_878.csv,1680,500,1180,1,0.0005952380952380953,1,0.000847457627118644,1
611_YAHOO_id_61_Synthetic_tr_500_1st_623.csv,1421,500,921,9,0.0063335679099225895,9,0.009771986970684038,3
612_YAHOO_id_62_WebService_tr_500_1st_97.csv,1680,500,1180,16,0.009523809523809525,15,0.012711864406779662,16
613_YAHOO_id_63_Synthetic_tr_500_1st_623.csv,1421,500,921,9,0.0063335679099225895,9,0.009771986970684038,3
614_YAHOO_id_64_WebService_tr_500_1st_1204.csv,1434,500,934,34,0.023709902370990237,34,0.03640256959314775,2
615_YAHOO_id_65_WebService_tr_500_1st_348.csv,1439,500,939,2,0.001389854065323141,0,0.0,1
616_YAHOO_id_66_Synthetic_tr_500_1st_623.csv,1421,500,921,9,0.0063335679099225895,9,0.009771986970684038,3
617_YAHOO_id_67_Synthetic_tr_500_1st_893.csv,1421,500,921,1,0.0007037297677691766,1,0.0010857763300760044,1
618_YAHOO_id_68_Synthetic_tr_500_1st_893.csv,1421,500,921,1,0.0007037297677691766,1,0.0010857763300760044,1
619_YAHOO_id_69_WebService_tr_500_1st_8.csv,1680,500,1180,8,0.004761904761904762,3,0.002542372881355932,8
620_YAHOO_id_70_Synthetic_tr_500_1st_658.csv,1421,500,921,4,0.0028149190710767065,4,0.004343105320304018,2
621_YAHOO_id_71_WebService_tr_500_1st_721.csv,1680,500,1180,2,0.0011904761904761906,2,0.001694915254237288,2
622_YAHOO_id_72_WebService_tr_500_1st_421.csv,1461,500,961,5,0.0034223134839151265,1,0.001040582726326743,2
623_YAHOO_id_73_WebService_tr_500_1st_117.csv,1680,500,1180,15,0.008928571428571428,11,0.009322033898305085,15
624_YAHOO_id_74_Synthetic_tr_500_1st_893.csv,1421,500,921,1,0.0007037297677691766,1,0.0010857763300760044,1
625_YAHOO_id_75_Synthetic_tr_500_1st_658.csv,1421,500,921,4,0.0028149190710767065,4,0.004343105320304018,2
626_YAHOO_id_76_WebService_tr_500_1st_883.csv,1420,500,920,10,0.007042253521126761,10,0.010869565217391304,3
627_YAHOO_id_77_Synthetic_tr_500_1st_623.csv,1421,500,921,9,0.0063335679099225895,9,0.009771986970684038,3
628_YAHOO_id_78_WebService_tr_500_1st_147.csv,1680,500,1180,11,0.006547619047619048,6,0.005084745762711864,11
629_YAHOO_id_79_WebService_tr_500_1st_222.csv,1680,500,1180,12,0.007142857142857143,9,0.007627118644067797,12
630_YAHOO_id_80_WebService_tr_500_1st_631.csv,1680,500,1180,5,0.002976190476190476,5,0.00423728813559322,5
631_YAHOO_id_81_WebService_tr_500_1st_96.csv,1680,500,1180,8,0.004761904761904762,5,0.00423728813559322,8
632_YAHOO_id_82_Synthetic_tr_500_1st_658.csv,1421,500,921,4,0.0028149190710767065,4,0.004343105320304018,2
633_YAHOO_id_83_WebService_tr_500_1st_223.csv,1680,500,1180,5,0.002976190476190476,2,0.001694915254237288,5
634_YAHOO_id_84_Synthetic_tr_500_1st_658.csv,1421,500,921,4,0.0028149190710767065,4,0.004343105320304018,2
635_YAHOO_id_85_Synthetic_tr_500_1st_658.csv,1421,500,921,4,0.0028149190710767065,4,0.004343105320304018,2
636_YAHOO_id_86_WebService_tr_500_1st_20.csv,1680,500,1180,9,0.005357142857142857,6,0.005084745762711864,9
637_YAHOO_id_87_WebService_tr_500_1st_338.csv,1680,500,1180,7,0.004166666666666667,6,0.005084745762711864,7
638_YAHOO_id_88_Synthetic_tr_500_1st_893.csv,1421,500,921,1,0.0007037297677691766,1,0.0010857763300760044,1
639_YAHOO_id_89_Synthetic_tr_500_1st_893.csv,1421,500,921,1,0.0007037297677691766,1,0.0010857763300760044,1
640_YAHOO_id_90_WebService_tr_500_1st_18.csv,1680,500,1180,16,0.009523809523809525,11,0.009322033898305085,16
641_YAHOO_id_91_WebService_tr_500_1st_149.csv,1680,500,1180,10,0.005952380952380952,6,0.005084745762711864,10
642_YAHOO_id_92_WebService_tr_500_1st_433.csv,1680,500,1180,5,0.002976190476190476,4,0.003389830508474576,5
644_YAHOO_id_94_WebService_tr_500_1st_1078.csv,1435,500,935,75,0.05226480836236934,75,0.08021390374331551,5
645_YAHOO_id_95_WebService_tr_500_1st_1047.csv,1680,500,1180,1,0.0005952380952380953,1,0.000847457627118644,1
646_YAHOO_id_96_WebService_tr_500_1st_121.csv,1680,500,1180,9,0.005357142857142857,4,0.003389830508474576,9
647_YAHOO_id_97_Synthetic_tr_500_1st_658.csv,1421,500,921,4,0.0028149190710767065,4,0.004343105320304018,2
648_YAHOO_id_98_WebService_tr_500_1st_731.csv,1680,500,1180,2,0.0011904761904761906,2,0.001694915254237288,2
649_YAHOO_id_99_WebService_tr_500_1st_1386.csv,1680,500,1180,1,0.0005952380952380953,1,0.000847457627118644,1
650_YAHOO_id_100_Synthetic_tr_500_1st_623.csv,1421,500,921,9,0.0063335679099225895,9,0.009771986970684038,3
651_YAHOO_id_101_WebService_tr_500_1st_103.csv,1680,500,1180,6,0.0035714285714285713,3,0.002542372881355932,6
652_YAHOO_id_102_WebService_tr_500_1st_174.csv,1680,500,1180,14,0.008333333333333333,11,0.009322033898305085,14
653_YAHOO_id_103_WebService_tr_500_1st_443.csv,1680,500,1180,3,0.0017857142857142857,2,0.001694915254237288,3
654_YAHOO_id_104_WebService_tr_500_1st_20.csv,1680,500,1180,10,0.005952380952380952,5,0.00423728813559322,10
655_YAHOO_id_105_WebService_tr_500_1st_17.csv,1680,500,1180,14,0.008333333333333333,9,0.007627118644067797,13
656_YAHOO_id_106_Synthetic_tr_500_1st_658.csv,1421,500,921,4,0.0028149190710767065,4,0.004343105320304018,2
657_YAHOO_id_107_WebService_tr_500_1st_1260.csv,1440,500,940,1,0.0006944444444444445,1,0.0010638297872340426,1
658_YAHOO_id_108_Synthetic_tr_500_1st_893.csv,1421,500,921,1,0.0007037297677691766,1,0.0010857763300760044,1
659_YAHOO_id_109_Synthetic_tr_500_1st_623.csv,1421,500,921,9,0.0063335679099225895,9,0.009771986970684038,3
660_YAHOO_id_110_WebService_tr_500_1st_307.csv,1680,500,1180,4,0.002380952380952381,3,0.002542372881355932,4
661_YAHOO_id_111_WebService_tr_500_1st_279.csv,1680,500,1180,9,0.005357142857142857,6,0.005084745762711864,9
662_YAHOO_id_112_WebService_tr_500_1st_361.csv,1680,500,1180,7,0.004166666666666667,5,0.00423728813559322,7
663_YAHOO_id_113_Synthetic_tr_500_1st_658.csv,1421,500,921,4,0.0028149190710767065,4,0.004343105320304018,2
664_YAHOO_id_114_Synthetic_tr_500_1st_658.csv,1421,500,921,4,0.0028149190710767065,4,0.004343105320304018,2
665_YAHOO_id_115_WebService_tr_500_1st_28.csv,1680,500,1180,15,0.008928571428571428,12,0.010169491525423728,15
666_YAHOO_id_116_Synthetic_tr_500_1st_893.csv,1421,500,921,1,0.0007037297677691766,1,0.0010857763300760044,1
667_YAHOO_id_117_WebService_tr_500_1st_421.csv,1461,500,961,3,0.002053388090349076,0,0.0,1
668_YAHOO_id_118_WebService_tr_500_1st_112.csv,1680,500,1180,12,0.007142857142857143,7,0.005932203389830509,12
669_YAHOO_id_119_WebService_tr_500_1st_21.csv,1680,500,1180,11,0.006547619047619048,7,0.005932203389830509,11
670_YAHOO_id_120_WebService_tr_500_1st_221.csv,1680,500,1180,15,0.008928571428571428,11,0.009322033898305085,15
671_YAHOO_id_121_Synthetic_tr_500_1st_658.csv,1421,500,921,4,0.0028149190710767065,4,0.004343105320304018,2
672_YAHOO_id_122_WebService_tr_500_1st_857.csv,1680,500,1180,1,0.0005952380952380953,1,0.000847457627118644,1
673_YAHOO_id_123_Synthetic_tr_500_1st_893.csv,1421,500,921,1,0.0007037297677691766,1,0.0010857763300760044,1
674_YAHOO_id_124_WebService_tr_500_1st_514.csv,1439,500,939,2,0.001389854065323141,2,0.002129925452609159,1
675_YAHOO_id_125_Synthetic_tr_500_1st_623.csv,1421,500,921,9,0.0063335679099225895,9,0.009771986970684038,3
676_YAHOO_id_126_Synthetic_tr_500_1st_623.csv,1421,500,921,9,0.0063335679099225895,9,0.009771986970684038,3
677_YAHOO_id_127_WebService_tr_500_1st_46.csv,1680,500,1180,13,0.007738095238095238,6,0.005084745762711864,13
678_YAHOO_id_128_WebService_tr_500_1st_665.csv,1680,500,1180,3,0.0017857142857142857,3,0.002542372881355932,3
679_YAHOO_id_129_WebService_tr_500_1st_428.csv,1680,500,1180,3,0.0017857142857142857,2,0.001694915254237288,3
680_YAHOO_id_130_Synthetic_tr_500_1st_893.csv,1421,500,921,1,0.0007037297677691766,1,0.0010857763300760044,1
681_YAHOO_id_131_Synthetic_tr_500_1st_658.csv,1421,500,921,4,0.0028149190710767065,4,0.004343105320304018,2
682_YAHOO_id_132_WebService_tr_500_1st_354.csv,1680,500,1180,10,0.005952380952380952,9,0.007627118644067797,9
683_YAHOO_id_133_WebService_tr_500_1st_36.csv,1680,500,1180,14,0.008333333333333333,9,0.007627118644067797,14
684_YAHOO_id_134_Synthetic_tr_500_1st_623.csv,1421,500,921,9,0.0063335679099225895,9,0.009771986970684038,3
685_YAHOO_id_135_WebService_tr_500_1st_121.csv,1680,500,1180,16,0.009523809523809525,14,0.011864406779661017,16
686_YAHOO_id_136_WebService_tr_500_1st_755.csv,1680,500,1180,5,0.002976190476190476,5,0.00423728813559322,5
687_YAHOO_id_137_WebService_tr_500_1st_89.csv,1680,500,1180,15,0.008928571428571428,9,0.007627118644067797,15
688_YAHOO_id_138_WebService_tr_500_1st_482.csv,1680,500,1180,3,0.0017857142857142857,2,0.001694915254237288,3
689_YAHOO_id_139_WebService_tr_500_1st_1073.csv,1680,500,1180,1,0.0005952380952380953,1,0.000847457627118644,1
690_YAHOO_id_140_WebService_tr_500_1st_696.csv,1680,500,1180,7,0.004166666666666667,7,0.005932203389830509,7
691_YAHOO_id_141_WebService_tr_500_1st_57.csv,1680,500,1180,16,0.009523809523809525,10,0.00847457627118644,16
692_YAHOO_id_142_WebService_tr_500_1st_294.csv,1680,500,1180,13,0.007738095238095238,10,0.00847457627118644,13
693_YAHOO_id_143_WebService_tr_500_1st_1003.csv,1427,500,927,2,0.001401541695865452,2,0.002157497303128371,2
694_YAHOO_id_144_Synthetic_tr_500_1st_658.csv,1421,500,921,4,0.0028149190710767065,4,0.004343105320304018,2
695_YAHOO_id_145_Synthetic_tr_500_1st_658.csv,1421,500,921,4,0.0028149190710767065,4,0.004343105320304018,2
696_YAHOO_id_146_Synthetic_tr_500_1st_893.csv,1421,500,921,1,0.0007037297677691766,1,0.0010857763300760044,1
697_YAHOO_id_147_WebService_tr_500_1st_225.csv,1680,500,1180,12,0.007142857142857143,7,0.005932203389830509,12
698_YAHOO_id_148_WebService_tr_500_1st_186.csv,1680,500,1180,13,0.007738095238095238,9,0.007627118644067797,13
699_YAHOO_id_149_WebService_tr_500_1st_99.csv,1680,500,1180,2,0.0011904761904761906,1,0.000847457627118644,2
700_YAHOO_id_150_WebService_tr_500_1st_82.csv,1680,500,1180,15,0.008928571428571428,11,0.009322033898305085,15
701_YAHOO_id_151_Synthetic_tr_500_1st_893.csv,1421,500,921,1,0.0007037297677691766,1,0.0010857763300760044,1
702_YAHOO_id_152_WebService_tr_500_1st_8.csv,1680,500,1180,15,0.008928571428571428,12,0.010169491525423728,15
703_YAHOO_id_153_Synthetic_tr_500_1st_623.csv,1421,500,921,9,0.0063335679099225895,9,0.009771986970684038,3
704_YAHOO_id_154_WebService_tr_500_1st_541.csv,1422,500,922,33,0.023206751054852322,33,0.03579175704989154,3
705_YAHOO_id_155_WebService_tr_500_1st_1279.csv,1420,500,920,6,0.004225352112676056,6,0.006521739130434782,2
706_YAHOO_id_156_WebService_tr_500_1st_201.csv,1680,500,1180,16,0.009523809523809525,10,0.00847457627118644,16
707_YAHOO_id_157_WebService_tr_500_1st_137.csv,1680,500,1180,15,0.008928571428571428,9,0.007627118644067797,15
708_YAHOO_id_158_WebService_tr_500_1st_165.csv,1680,500,1180,3,0.0017857142857142857,2,0.001694915254237288,3
709_YAHOO_id_159_WebService_tr_500_1st_481.csv,1680,500,1180,3,0.0017857142857142857,2,0.001694915254237288,3
710_YAHOO_id_160_WebService_tr_500_1st_253.csv,1680,500,1180,6,0.0035714285714285713,4,0.003389830508474576,6
711_YAHOO_id_161_WebService_tr_500_1st_137.csv,1680,500,1180,5,0.002976190476190476,2,0.001694915254237288,5
712_YAHOO_id_162_WebService_tr_500_1st_88.csv,1680,500,1180,8,0.004761904761904762,5,0.00423728813559322,8
713_YAHOO_id_163_WebService_tr_500_1st_66.csv,1680,500,1180,10,0.005952380952380952,9,0.007627118644067797,10
714_YAHOO_id_164_WebService_tr_500_1st_1.csv,1680,500,1180,10,0.005952380952380952,5,0.00423728813559322,10
715_YAHOO_id_165_Synthetic_tr_500_1st_658.csv,1421,500,921,4,0.0028149190710767065,4,0.004343105320304018,2
716_YAHOO_id_166_WebService_tr_500_1st_540.csv,1680,500,1180,4,0.002380952380952381,4,0.003389830508474576,4
717_YAHOO_id_167_WebService_tr_500_1st_84.csv,1680,500,1180,7,0.004166666666666667,4,0.003389830508474576,7
718_YAHOO_id_168_WebService_tr_500_1st_263.csv,1680,500,1180,13,0.007738095238095238,9,0.007627118644067797,13
719_YAHOO_id_169_WebService_tr_500_1st_852.csv,1680,500,1180,6,0.0035714285714285713,6,0.005084745762711864,6
720_YAHOO_id_170_WebService_tr_500_1st_3.csv,1680,500,1180,16,0.009523809523809525,12,0.010169491525423728,16
721_YAHOO_id_171_Synthetic_tr_500_1st_893.csv,1421,500,921,1,0.0007037297677691766,1,0.0010857763300760044,1
722_YAHOO_id_172_WebService_tr_500_1st_353.csv,1461,500,961,17,0.01163586584531143,15,0.015608740894901144,4
723_YAHOO_id_173_WebService_tr_500_1st_1214.csv,1420,500,920,2,0.0014084507042253522,2,0.002173913043478261,2
724_YAHOO_id_174_WebService_tr_500_1st_1030.csv,1680,500,1180,5,0.002976190476190476,5,0.00423728813559322,5
725_YAHOO_id_175_Synthetic_tr_500_1st_623.csv,1421,500,921,9,0.0063335679099225895,9,0.009771986970684038,3
726_YAHOO_id_176_WebService_tr_500_1st_221.csv,1680,500,1180,15,0.008928571428571428,13,0.011016949152542373,15
727_YAHOO_id_177_WebService_tr_500_1st_82.csv,1680,500,1180,16,0.009523809523809525,14,0.011864406779661017,16
728_YAHOO_id_178_WebService_tr_500_1st_68.csv,1680,500,1180,9,0.005357142857142857,6,0.005084745762711864,9
729_YAHOO_id_179_WebService_tr_500_1st_559.csv,1680,500,1180,6,0.0035714285714285713,6,0.005084745762711864,6
730_YAHOO_id_180_Synthetic_tr_500_1st_623.csv,1421,500,921,9,0.0063335679099225895,9,0.009771986970684038,3
731_YAHOO_id_181_Synthetic_tr_500_1st_623.csv,1421,500,921,9,0.0063335679099225895,9,0.009771986970684038,3
732_YAHOO_id_182_Synthetic_tr_500_1st_658.csv,1421,500,921,4,0.0028149190710767065,4,0.004343105320304018,2
733_YAHOO_id_183_WebService_tr_500_1st_447.csv,1461,500,961,16,0.010951403148528405,11,0.011446409989594173,5
734_YAHOO_id_184_WebService_tr_500_1st_768.csv,1424,500,924,227,0.15941011235955055,227,0.24567099567099568,3
735_YAHOO_id_185_WebService_tr_500_1st_20.csv,1680,500,1180,5,0.002976190476190476,4,0.003389830508474576,5
736_YAHOO_id_186_Synthetic_tr_500_1st_623.csv,1421,500,921,9,0.0063335679099225895,9,0.009771986970684038,3
737_YAHOO_id_187_WebService_tr_500_1st_230.csv,1680,500,1180,6,0.0035714285714285713,4,0.003389830508474576,6
738_YAHOO_id_188_WebService_tr_500_1st_26.csv,1680,500,1180,7,0.004166666666666667,3,0.002542372881355932,7
739_YAHOO_id_189_Synthetic_tr_500_1st_893.csv,1421,500,921,1,0.0007037297677691766,1,0.0010857763300760044,1
740_YAHOO_id_190_WebService_tr_500_1st_0.csv,1680,500,1180,11,0.006547619047619048,5,0.00423728813559322,11
741_YAHOO_id_191_WebService_tr_500_1st_1114.csv,1680,500,1180,2,0.0011904761904761906,2,0.001694915254237288,2
742_YAHOO_id_192_Synthetic_tr_500_1st_658.csv,1421,500,921,4,0.0028149190710767065,4,0.004343105320304018,2
743_YAHOO_id_193_WebService_tr_500_1st_133.csv,1680,500,1180,13,0.007738095238095238,9,0.007627118644067797,13
744_YAHOO_id_194_Synthetic_tr_500_1st_658.csv,1421,500,921,4,0.0028149190710767065,4,0.004343105320304018,2
745_YAHOO_id_195_WebService_tr_500_1st_326.csv,1680,500,1180,11,0.006547619047619048,8,0.006779661016949152,11
746_YAHOO_id_196_WebService_tr_500_1st_413.csv,1680,500,1180,4,0.002380952380952381,3,0.002542372881355932,4
747_YAHOO_id_197_Synthetic_tr_500_1st_893.csv,1421,500,921,1,0.0007037297677691766,1,0.0010857763300760044,1
748_YAHOO_id_198_WebService_tr_500_1st_170.csv,1680,500,1180,3,0.0017857142857142857,2,0.001694915254237288,3
749_YAHOO_id_199_WebService_tr_500_1st_136.csv,1680,500,1180,7,0.004166666666666667,6,0.005084745762711864,7
750_YAHOO_id_200_WebService_tr_500_1st_591.csv,1427,500,927,10,0.00700770847932726,10,0.010787486515641856,5
751_YAHOO_id_201_WebService_tr_500_1st_142.csv,1439,500,939,12,0.008339124391938846,9,0.009584664536741214,3
752_YAHOO_id_202_WebService_tr_500_1st_95.csv,1680,500,1180,12,0.007142857142857143,9,0.007627118644067797,12
753_YAHOO_id_203_WebService_tr_500_1st_6.csv,1680,500,1180,14,0.008333333333333333,10,0.00847457627118644,14
754_YAHOO_id_204_WebService_tr_500_1st_28.csv,1680,500,1180,11,0.006547619047619048,6,0.005084745762711864,11
755_YAHOO_id_205_Synthetic_tr_500_1st_893.csv,1421,500,921,1,0.0007037297677691766,1,0.0010857763300760044,1
756_YAHOO_id_206_WebService_tr_500_1st_55.csv,1680,500,1180,12,0.007142857142857143,9,0.007627118644067797,12
757_YAHOO_id_207_WebService_tr_500_1st_33.csv,1680,500,1180,5,0.002976190476190476,4,0.003389830508474576,5
758_YAHOO_id_208_WebService_tr_500_1st_24.csv,1680,500,1180,13,0.007738095238095238,7,0.005932203389830509,13
759_YAHOO_id_209_WebService_tr_500_1st_189.csv,1680,500,1180,13,0.007738095238095238,10,0.00847457627118644,13
760_YAHOO_id_210_WebService_tr_500_1st_23.csv,1680,500,1180,6,0.0035714285714285713,3,0.002542372881355932,6
761_YAHOO_id_211_WebService_tr_500_1st_7.csv,1680,500,1180,14,0.008333333333333333,11,0.009322033898305085,14
762_YAHOO_id_212_WebService_tr_500_1st_1055.csv,1680,500,1180,2,0.0011904761904761906,2,0.001694915254237288,2
763_YAHOO_id_213_WebService_tr_500_1st_43.csv,1680,500,1180,13,0.007738095238095238,8,0.006779661016949152,13
764_YAHOO_id_214_WebService_tr_500_1st_599.csv,1427,500,927,9,0.006306937631394534,9,0.009708737864077669,3
765_YAHOO_id_215_WebService_tr_500_1st_92.csv,1680,500,1180,12,0.007142857142857143,7,0.005932203389830509,12
766_YAHOO_id_216_WebService_tr_500_1st_114.csv,1440,500,940,32,0.022222222222222223,27,0.02872340425531915,3
767_YAHOO_id_217_Synthetic_tr_500_1st_658.csv,1421,500,921,4,0.0028149190710767065,4,0.004343105320304018,2
768_YAHOO_id_218_WebService_tr_500_1st_431.csv,1680,500,1180,16,0.009523809523809525,14,0.011864406779661017,16
769_YAHOO_id_219_WebService_tr_500_1st_205.csv,1680,500,1180,9,0.005357142857142857,7,0.005932203389830509,9
770_YAHOO_id_220_WebService_tr_500_1st_29.csv,1680,500,1180,9,0.005357142857142857,7,0.005932203389830509,9
771_YAHOO_id_221_WebService_tr_500_1st_61.csv,1680,500,1180,16,0.009523809523809525,10,0.00847457627118644,16
772_YAHOO_id_222_WebService_tr_500_1st_85.csv,1680,500,1180,12,0.007142857142857143,9,0.007627118644067797,12
773_YAHOO_id_223_WebService_tr_500_1st_137.csv,1680,500,1180,15,0.008928571428571428,11,0.009322033898305085,15
774_YAHOO_id_224_Synthetic_tr_500_1st_623.csv,1421,500,921,9,0.0063335679099225895,9,0.009771986970684038,3
775_YAHOO_id_225_Synthetic_tr_500_1st_658.csv,1421,500,921,4,0.0028149190710767065,4,0.004343105320304018,2
776_YAHOO_id_226_Synthetic_tr_500_1st_623.csv,1421,500,921,9,0.0063335679099225895,9,0.009771986970684038,3
777_YAHOO_id_227_Synthetic_tr_500_1st_623.csv,1421,500,921,9,0.0063335679099225895,9,0.009771986970684038,3
778_YAHOO_id_228_Synthetic_tr_500_1st_658.csv,1421,500,921,4,0.0028149190710767065,4,0.004343105320304018,2
779_YAHOO_id_229_WebService_tr_500_1st_25.csv,1680,500,1180,16,0.009523809523809525,8,0.006779661016949152,15
780_YAHOO_id_230_Synthetic_tr_500_1st_893.csv,1421,500,921,1,0.0007037297677691766,1,0.0010857763300760044,1
781_YAHOO_id_231_Synthetic_tr_500_1st_623.csv,1421,500,921,9,0.0063335679099225895,9,0.009771986970684038,3
782_YAHOO_id_232_Synthetic_tr_500_1st_623.csv,1421,500,921,9,0.0063335679099225895,9,0.009771986970684038,3
783_YAHOO_id_233_WebService_tr_500_1st_24.csv,1680,500,1180,13,0.007738095238095238,9,0.007627118644067797,13
784_YAHOO_id_234_Synthetic_tr_500_1st_623.csv,1421,500,921,9,0.0063335679099225895,9,0.009771986970684038,3
785_YAHOO_id_235_Synthetic_tr_500_1st_658.csv,1421,500,921,4,0.0028149190710767065,4,0.004343105320304018,2
786_YAHOO_id_236_Synthetic_tr_500_1st_623.csv,1421,500,921,9,0.0063335679099225895,9,0.009771986970684038,3
787_YAHOO_id_237_Synthetic_tr_500_1st_623.csv,1421,500,921,9,0.0063335679099225895,9,0.009771986970684038,3
788_YAHOO_id_238_WebService_tr_500_1st_973.csv,1680,500,1180,1,0.0005952380952380953,1,0.000847457627118644,1
789_YAHOO_id_239_WebService_tr_500_1st_421.csv,1461,500,961,3,0.002053388090349076,0,0.0,1
790_YAHOO_id_240_WebService_tr_500_1st_119.csv,1680,500,1180,5,0.002976190476190476,4,0.003389830508474576,5
791_YAHOO_id_241_WebService_tr_500_1st_593.csv,1680,500,1180,2,0.0011904761904761906,2,0.001694915254237288,2
792_YAHOO_id_242_Synthetic_tr_500_1st_893.csv,1421,500,921,1,0.0007037297677691766,1,0.0010857763300760044,1
793_YAHOO_id_243_WebService_tr_500_1st_28.csv,1680,500,1180,5,0.002976190476190476,3,0.002542372881355932,5
794_YAHOO_id_244_Synthetic_tr_500_1st_658.csv,1421,500,921,4,0.0028149190710767065,4,0.004343105320304018,2
795_YAHOO_id_245_WebService_tr_500_1st_84.csv,1680,500,1180,10,0.005952380952380952,5,0.00423728813559322,10
796_YAHOO_id_246_WebService_tr_500_1st_222.csv,1680,500,1180,5,0.002976190476190476,1,0.000847457627118644,5
797_YAHOO_id_247_Synthetic_tr_500_1st_893.csv,1421,500,921,1,0.0007037297677691766,1,0.0010857763300760044,1
798_YAHOO_id_248_WebService_tr_500_1st_105.csv,1680,500,1180,16,0.009523809523809525,10,0.00847457627118644,15
799_YAHOO_id_249_WebService_tr_500_1st_852.csv,1680,500,1180,6,0.0035714285714285713,6,0.005084745762711864,6
800_YAHOO_id_250_Synthetic_tr_500_1st_623.csv,1421,500,921,9,0.0063335679099225895,9,0.009771986970684038,3
801_YAHOO_id_251_WebService_tr_500_1st_190.csv,1680,500,1180,8,0.004761904761904762,6,0.005084745762711864,8
802_YAHOO_id_252_WebService_tr_500_1st_63.csv,1680,500,1180,7,0.004166666666666667,3,0.002542372881355932,7
803_YAHOO_id_253_WebService_tr_500_1st_58.csv,1680,500,1180,13,0.007738095238095238,11,0.009322033898305085,13
804_YAHOO_id_254_WebService_tr_500_1st_420.csv,1461,500,961,9,0.006160164271047228,3,0.003121748178980229,3
805_YAHOO_id_255_WebService_tr_500_1st_95.csv,1680,500,1180,10,0.005952380952380952,7,0.005932203389830509,10
806_YAHOO_id_256_Synthetic_tr_500_1st_893.csv,1421,500,921,1,0.0007037297677691766,1,0.0010857763300760044,1
807_YAHOO_id_257_WebService_tr_500_1st_1210.csv,1424,500,924,17,0.011938202247191011,17,0.0183982683982684,3
808_YAHOO_id_258_WebService_tr_500_1st_142.csv,1439,500,939,10,0.006949270326615705,8,0.008519701810436636,3
809_YAHOO_id_259_WebService_tr_500_1st_123.csv,1680,500,1180,11,0.006547619047619048,8,0.006779661016949152,11
810_Exathlon_id_1_Facility_tr_10766_1st_12590.csv,43066,10766,32300,5437,0.12624808433567083,5437,0.168328173374613,3
811_Exathlon_id_2_Facility_tr_10766_1st_12590.csv,43066,10766,32300,5437,0.12624808433567083,5437,0.168328173374613,3
812_Exathlon_id_3_Facility_tr_10766_1st_12590.csv,43066,10766,32300,5437,0.12624808433567083,5437,0.168328173374613,3
814_Exathlon_id_5_Facility_tr_10766_1st_12590.csv,43066,10766,32300,5437,0.12624808433567083,5437,0.168328173374613,3
815_Exathlon_id_6_Facility_tr_10766_1st_12590.csv,43066,10766,32300,5437,0.12624808433567083,5437,0.168328173374613,3
816_Exathlon_id_7_Facility_tr_10766_1st_12590.csv,43066,10766,32300,5437,0.12624808433567083,5437,0.168328173374613,3
817_Exathlon_id_8_Facility_tr_10766_1st_12590.csv,43066,10766,32300,5437,0.12624808433567083,5437,0.168328173374613,3
818_Exathlon_id_9_Facility_tr_11665_1st_13484.csv,46660,11665,34995,2928,0.06275182168881269,2928,0.08366909558508358,3
819_Exathlon_id_10_Facility_tr_10766_1st_12590.csv,43066,10766,32300,5437,0.12624808433567083,5437,0.168328173374613,3
820_Exathlon_id_11_Facility_tr_11665_1st_13484.csv,46660,11665,34995,2928,0.06275182168881269,2928,0.08366909558508358,3
821_Exathlon_id_12_Facility_tr_6985_1st_7085.csv,46649,6985,39664,4856,0.10409655083710262,4856,0.12242839854780153,5
822_Exathlon_id_13_Facility_tr_10766_1st_12590.csv,43066,10766,32300,5437,0.12624808433567083,5437,0.168328173374613,3
823_Exathlon_id_14_Facility_tr_10766_1st_12590.csv,43066,10766,32300,5437,0.12624808433567083,5437,0.168328173374613,3
824_Exathlon_id_15_Facility_tr_10766_1st_12590.csv,43066,10766,32300,5437,0.12624808433567083,5437,0.168328173374613,3
826_Exathlon_id_17_Facility_tr_11665_1st_13484.csv,46660,11665,34995,2928,0.06275182168881269,2928,0.08366909558508358,3
827_Exathlon_id_18_Facility_tr_10766_1st_12590.csv,43066,10766,32300,5437,0.12624808433567083,5437,0.168328173374613,3
828_Exathlon_id_19_Facility_tr_11663_1st_13482.csv,46655,11663,34992,2948,0.06318722537777302,2948,0.08424782807498857,3
829_Exathlon_id_20_Facility_tr_10766_1st_12590.csv,43066,10766,32300,5437,0.12624808433567083,5437,0.168328173374613,3
830_Exathlon_id_21_Facility_tr_10766_1st_12590.csv,43066,10766,32300,5437,0.12624808433567083,5437,0.168328173374613,3
831_Exathlon_id_22_Facility_tr_11665_1st_13484.csv,46660,11665,34995,2928,0.06275182168881269,2928,0.08366909558508358,3
832_Exathlon_id_23_Facility_tr_10766_1st_12590.csv,43066,10766,32300,5437,0.12624808433567083,5437,0.168328173374613,3
833_Exathlon_id_24_Facility_tr_10766_1st_12590.csv,43066,10766,32300,5437,0.12624808433567083,5437,0.168328173374613,3
834_Exathlon_id_25_Facility_tr_11665_1st_13484.csv,46660,11665,34995,2928,0.06275182168881269,2928,0.08366909558508358,3
835_Exathlon_id_26_Facility_tr_10766_1st_12590.csv,43066,10766,32300,5437,0.12624808433567083,5437,0.168328173374613,3
836_Exathlon_id_27_Facility_tr_10766_1st_12590.csv,43066,10766,32300,5437,0.12624808433567083,5437,0.168328173374613,3
837_Exathlon_id_28_Facility_tr_8898_1st_8998.csv,46650,8898,37752,3891,0.08340836012861737,3891,0.10306738715829625,4
838_Exathlon_id_29_Facility_tr_10766_1st_12590.csv,43066,10766,32300,5437,0.12624808433567083,5437,0.168328173374613,3
839_Exathlon_id_30_Facility_tr_10766_1st_12590.csv,43066,10766,32300,5437,0.12624808433567083,5437,0.168328173374613,3
840_Exathlon_id_31_Facility_tr_10766_1st_12590.csv,43066,10766,32300,5437,0.12624808433567083,5437,0.168328173374613,3
841_Exathlon_id_32_Facility_tr_11663_1st_13482.csv,46655,11663,34992,2948,0.06318722537777302,2948,0.08424782807498857,3
842_OPPORTUNITY_id_1_HumanActivity_tr_7295_1st_27516.csv,29182,7295,21887,330,0.011308340758001507,330,0.015077443231141774,1
843_OPPORTUNITY_id_2_HumanActivity_tr_808_1st_908.csv,9057,808,8249,1142,0.12609031688196976,1142,0.13844102315432175,1
844_OPPORTUNITY_id_3_HumanActivity_tr_500_1st_566.csv,15653,500,15153,967,0.06177729508720373,967,0.06381574605688642,2
845_OPPORTUNITY_id_4_HumanActivity_tr_7295_1st_27516.csv,29182,7295,21887,330,0.011308340758001507,330,0.015077443231141774,1
846_OPPORTUNITY_id_5_HumanActivity_tr_2085_1st_2185.csv,22194,2085,20109,818,0.03685680814634586,818,0.040678303247302205,2
847_OPPORTUNITY_id_6_HumanActivity_tr_808_1st_908.csv,9057,808,8249,1142,0.12609031688196976,1142,0.13844102315432175,1
848_OPPORTUNITY_id_7_HumanActivity_tr_1477_1st_1577.csv,18011,1477,16534,396,0.021986563766587086,396,0.02395064715132454,2
849_OPPORTUNITY_id_8_HumanActivity_tr_1100_1st_1200.csv,24892,1100,23792,608,0.02442551823879158,608,0.025554808338937456,2
850_OPPORTUNITY_id_9_HumanActivity_tr_895_1st_995.csv,14751,895,13856,438,0.029692902176123654,438,0.0316108545034642,1
851_OPPORTUNITY_id_10_HumanActivity_tr_6213_1st_7311.csv,24852,6213,18639,872,0.03508771929824561,872,0.04678362573099415,1
853_OPPORTUNITY_id_12_HumanActivity_tr_808_1st_908.csv,9057,808,8249,1142,0.12609031688196976,1142,0.13844102315432175,1
854_OPPORTUNITY_id_13_HumanActivity_tr_1477_1st_1577.csv,18011,1477,16534,396,0.021986563766587086,396,0.02395064715132454,2
855_OPPORTUNITY_id_14_HumanActivity_tr_808_1st_908.csv,9057,808,8249,1142,0.12609031688196976,1142,0.13844102315432175,1
856_OPPORTUNITY_id_15_HumanActivity_tr_808_1st_908.csv,9057,808,8249,1142,0.12609031688196976,1142,0.13844102315432175,1
857_OPPORTUNITY_id_16_HumanActivity_tr_500_1st_566.csv,15653,500,15153,967,0.06177729508720373,967,0.06381574605688642,2
858_OPPORTUNITY_id_17_HumanActivity_tr_808_1st_908.csv,9057,808,8249,1142,0.12609031688196976,1142,0.13844102315432175,1
859_OPPORTUNITY_id_18_HumanActivity_tr_895_1st_995.csv,14751,895,13856,438,0.029692902176123654,438,0.0316108545034642,1
860_OPPORTUNITY_id_19_HumanActivity_tr_808_1st_908.csv,9057,808,8249,1142,0.12609031688196976,1142,0.13844102315432175,1
861_OPPORTUNITY_id_20_HumanActivity_tr_2085_1st_2185.csv,22194,2085,20109,818,0.03685680814634586,818,0.040678303247302205,2
862_OPPORTUNITY_id_21_HumanActivity_tr_500_1st_566.csv,15653,500,15153,967,0.06177729508720373,967,0.06381574605688642,2
863_OPPORTUNITY_id_22_HumanActivity_tr_808_1st_908.csv,9057,808,8249,1142,0.12609031688196976,1142,0.13844102315432175,1
865_OPPORTUNITY_id_24_HumanActivity_tr_2085_1st_2185.csv,22194,2085,20109,818,0.03685680814634586,818,0.040678303247302205,2
866_OPPORTUNITY_id_25_HumanActivity_tr_6213_1st_7311.csv,24852,6213,18639,872,0.03508771929824561,872,0.04678362573099415,1
867_OPPORTUNITY_id_26_HumanActivity_tr_808_1st_908.csv,9057,808,8249,1142,0.12609031688196976,1142,0.13844102315432175,1
868_OPPORTUNITY_id_27_HumanActivity_tr_2085_1st_2185.csv,22194,2085,20109,818,0.03685680814634586,818,0.040678303247302205,2
869_OPPORTUNITY_id_28_HumanActivity_tr_500_1st_566.csv,15653,500,15153,967,0.06177729508720373,967,0.06381574605688642,2
870_OPPORTUNITY_id_29_HumanActivity_tr_1477_1st_1577.csv,18011,1477,16534,396,0.021986563766587086,396,0.02395064715132454,2
